TransactionID,Date,ProductID,ProductName,ProductCategory,QuantitySold,UnitPrice,CustomerID,CustomerName,CustomerSector,Country,Region,ProductionCost,TotalSaleAmount,Profit
1168,2023-03-01,1489,Product_1239,Robotics,82,978,101,Customer_107,Automotive,China,Asia-Pacific,211,80196,62894
9097,2023-03-01,1359,Product_1372,Sensor,9,759,207,Customer_499,Consumer Electronics,South Korea,Europe,675,6831,756
2494,2023-03-01,1393,Product_1444,Sensor,71,941,38,Customer_32,Automotive,South Korea,Asia-Pacific,755,66811,13206
6423,2023-03-01,1469,Product_1234,Microchip,21,447,170,Customer_2,Automotive,China,Europe,184,9387,5523
9240,2023-03-01,1196,Product_1261,Robotics,79,70,138,Customer_232,Automotive,China,Asia-Pacific,527,5530,-36103
3165,2023-03-01,1177,Product_1491,Microchip,89,529,351,Customer_462,Industrial,Japan,Asia-Pacific,145,47081,34176
391,2023-03-01,1409,Product_1482,Sensor,61,812,499,Customer_5,Consumer Electronics,Japan,Asia-Pacific,350,49532,28182
7564,2023-03-01,1112,Product_1355,Robotics,63,383,149,Customer_51,Consumer Electronics,China,Europe,403,24129,-1260
5196,2023-03-01,1411,Product_1312,Sensor,19,711,364,Customer_49,Automotive,Japan,North America,306,13509,7695
9258,2023-03-01,1443,Product_1400,Robotics,59,213,55,Customer_440,Industrial,Germany,Europe,422,12567,-12331
8021,2023-03-01,1034,Product_1231,Robotics,37,745,489,Customer_387,Industrial,China,North America,331,27565,15318
2956,2023-03-01,1275,Product_1187,Microchip,53,460,499,Customer_4,Consumer Electronics,South Korea,North America,231,24380,12137
8415,2023-03-01,1063,Product_1366,Microchip,69,255,331,Customer_169,Consumer Electronics,Japan,Asia-Pacific,61,17595,13386
3936,2023-03-01,1239,Product_1431,Robotics,86,559,412,Customer_105,Consumer Electronics,Germany,Asia-Pacific,358,48074,17286
1706,2023-03-01,1325,Product_1013,Microchip,72,415,270,Customer_457,Consumer Electronics,Japan,North America,471,29880,-4032
6473,2023-03-01,1496,Product_1008,Robotics,64,266,481,Customer_186,Automotive,Japan,Europe,303,17024,-2368
8137,2023-03-01,1441,Product_1050,Robotics,23,183,488,Customer_30,Consumer Electronics,China,North America,489,4209,-7038
902,2023-03-01,1418,Product_1300,Microchip,93,220,79,Customer_113,Industrial,USA,Asia-Pacific,153,20460,6231
4184,2023-03-01,1157,Product_1233,Robotics,71,235,85,Customer_115,Industrial,China,North America,527,16685,-20732
8540,2023-03-01,1231,Product_1176,Microchip,83,481,382,Customer_51,Consumer Electronics,Germany,Asia-Pacific,546,39923,-5395
2850,2023-03-01,1301,Product_1141,Robotics,3,385,280,Customer_333,Industrial,Germany,North America,460,1155,-225
6995,2023-03-01,1125,Product_1359,Microchip,76,356,377,Customer_485,Consumer Electronics,Japan,Asia-Pacific,303,27056,4028
1140,2023-03-01,1359,Product_1030,Microchip,62,512,378,Customer_485,Consumer Electronics,USA,Europe,35,31744,29574
501,2023-03-01,1239,Product_1097,Sensor,5,746,259,Customer_460,Consumer Electronics,Japan,North America,232,3730,2570
3805,2023-03-01,1201,Product_1409,Microchip,89,336,292,Customer_368,Consumer Electronics,Germany,Asia-Pacific,173,29904,14507
5271,2023-03-02,1187,Product_1203,Robotics,14,634,34,Customer_461,Industrial,USA,North America,20,8876,8596
9537,2023-03-02,1261,Product_1154,Robotics,79,691,82,Customer_493,Consumer Electronics,USA,Europe,292,54589,31521
362,2023-03-02,1362,Product_1428,Microchip,33,294,139,Customer_426,Industrial,Germany,Europe,334,9702,-1320
6364,2023-03-02,1089,Product_1080,Microchip,10,749,325,Customer_263,Industrial,USA,Europe,648,7490,1010
8431,2023-03-02,1106,Product_1176,Sensor,84,653,183,Customer_317,Automotive,China,North America,271,54852,32088
3747,2023-03-02,1379,Product_1075,Robotics,83,166,460,Customer_143,Consumer Electronics,Japan,North America,755,13778,-48887
7801,2023-03-02,1317,Product_1077,Sensor,84,577,65,Customer_489,Industrial,Japan,North America,237,48468,28560
6717,2023-03-02,1142,Product_1102,Sensor,79,341,301,Customer_4,Consumer Electronics,South Korea,North America,136,26939,16195
6160,2023-03-02,1060,Product_1339,Microchip,11,228,438,Customer_227,Industrial,USA,North America,88,2508,1540
1925,2023-03-02,1087,Product_1222,Sensor,40,234,213,Customer_223,Automotive,South Korea,Asia-Pacific,178,9360,2240
9515,2023-03-02,1474,Product_1067,Robotics,25,476,193,Customer_137,Automotive,USA,Asia-Pacific,769,11900,-7325
9953,2023-03-02,1309,Product_1471,Microchip,68,626,119,Customer_221,Industrial,China,North America,392,42568,15912
8930,2023-03-02,1251,Product_1485,Robotics,19,133,485,Customer_344,Consumer Electronics,China,Europe,188,2527,-1045
9313,2023-03-02,1383,Product_1119,Robotics,39,868,497,Customer_121,Industrial,Japan,Asia-Pacific,649,33852,8541
8728,2023-03-02,1184,Product_1191,Sensor,55,575,221,Customer_120,Automotive,South Korea,Europe,132,31625,24365
2348,2023-03-02,1093,Product_1276,Sensor,23,25,352,Customer_374,Automotive,South Korea,North America,230,575,-4715
2460,2023-03-02,1201,Product_1439,Sensor,84,260,184,Customer_401,Consumer Electronics,USA,Asia-Pacific,409,21840,-12516
2163,2023-03-02,1067,Product_1339,Sensor,25,23,221,Customer_349,Industrial,Japan,Asia-Pacific,5,575,450
1867,2023-03-02,1344,Product_1411,Microchip,8,523,351,Customer_268,Industrial,Germany,Europe,394,4184,1032
2495,2023-03-02,1326,Product_1270,Microchip,73,325,344,Customer_281,Industrial,USA,Europe,364,23725,-2847
8040,2023-03-02,1261,Product_1194,Sensor,59,588,55,Customer_393,Industrial,South Korea,Europe,549,34692,2301
7138,2023-03-02,1390,Product_1186,Sensor,89,755,285,Customer_96,Automotive,Japan,North America,455,67195,26700
4836,2023-03-02,1010,Product_1123,Robotics,19,338,493,Customer_276,Automotive,Germany,North America,420,6422,-1558
7150,2023-03-02,1407,Product_1367,Microchip,17,188,398,Customer_351,Automotive,USA,Asia-Pacific,437,3196,-4233
7650,2023-03-02,1027,Product_1219,Robotics,39,540,85,Customer_379,Industrial,Germany,North America,378,21060,6318
8546,2023-03-02,1031,Product_1243,Sensor,61,802,190,Customer_17,Automotive,China,Asia-Pacific,31,48922,47031
9916,2023-03-02,1233,Product_1003,Robotics,11,781,147,Customer_469,Industrial,China,Europe,671,8591,1210
5765,2023-03-03,1439,Product_1043,Sensor,10,677,476,Customer_409,Consumer Electronics,USA,Europe,488,6770,1890
5267,2023-03-03,1057,Product_1233,Robotics,55,964,471,Customer_291,Industrial,China,Europe,295,53020,36795
12,2023-03-03,1425,Product_1497,Microchip,14,657,223,Customer_150,Automotive,USA,North America,486,9198,2394
7829,2023-03-03,1365,Product_1325,Microchip,92,464,195,Customer_264,Consumer Electronics,Japan,Europe,754,42688,-26680
7160,2023-03-03,1057,Product_1482,Sensor,95,182,170,Customer_354,Industrial,China,North America,140,17290,3990
6705,2023-03-03,1005,Product_1332,Sensor,98,59,136,Customer_78,Industrial,Germany,Asia-Pacific,729,5782,-65660
8945,2023-03-03,1441,Product_1097,Microchip,55,903,174,Customer_187,Automotive,Germany,North America,479,49665,23320
2447,2023-03-03,1012,Product_1028,Sensor,69,443,164,Customer_259,Automotive,Germany,Asia-Pacific,564,30567,-8349
2602,2023-03-03,1451,Product_1491,Robotics,27,526,75,Customer_274,Automotive,Germany,Europe,368,14202,4266
6841,2023-03-03,1294,Product_1334,Microchip,9,315,14,Customer_148,Industrial,Germany,Europe,658,2835,-3087
8083,2023-03-03,1217,Product_1221,Microchip,82,557,72,Customer_39,Industrial,South Korea,Europe,101,45674,37392
1720,2023-03-03,1262,Product_1057,Microchip,42,116,459,Customer_445,Consumer Electronics,Japan,North America,195,4872,-3318
5814,2023-03-03,1495,Product_1197,Sensor,31,848,437,Customer_475,Industrial,Japan,Asia-Pacific,383,26288,14415
8793,2023-03-03,1485,Product_1368,Microchip,28,438,210,Customer_277,Industrial,Japan,North America,181,12264,7196
5734,2023-03-03,1481,Product_1128,Sensor,60,488,138,Customer_353,Automotive,China,North America,586,29280,-5880
2670,2023-03-03,1168,Product_1301,Sensor,36,473,138,Customer_157,Industrial,Japan,Europe,529,17028,-2016
1968,2023-03-03,1457,Product_1144,Microchip,76,960,404,Customer_468,Industrial,South Korea,Asia-Pacific,519,72960,33516
7321,2023-03-03,1295,Product_1104,Robotics,61,253,5,Customer_244,Industrial,USA,North America,503,15433,-15250
8961,2023-03-03,1006,Product_1278,Sensor,78,415,209,Customer_178,Automotive,Germany,North America,44,32370,28938
5338,2023-03-03,1220,Product_1227,Robotics,67,178,130,Customer_245,Industrial,China,Europe,555,11926,-25259
777,2023-03-03,1041,Product_1371,Sensor,3,469,15,Customer_112,Consumer Electronics,Germany,North America,593,1407,-372
8405,2023-03-03,1494,Product_1096,Microchip,83,192,293,Customer_147,Automotive,Japan,North America,562,15936,-30710
1624,2023-03-03,1119,Product_1427,Microchip,8,827,87,Customer_459,Consumer Electronics,China,North America,553,6616,2192
9509,2023-03-03,1355,Product_1192,Microchip,3,976,355,Customer_384,Automotive,Japan,Asia-Pacific,266,2928,2130
2214,2023-03-03,1451,Product_1369,Robotics,60,357,210,Customer_206,Consumer Electronics,South Korea,North America,325,21420,1920
7421,2023-03-03,1304,Product_1296,Microchip,9,807,398,Customer_177,Automotive,USA,North America,475,7263,2988
2892,2023-03-03,1343,Product_1484,Microchip,30,812,271,Customer_103,Industrial,China,Asia-Pacific,67,24360,22350
5458,2023-03-03,1302,Product_1464,Sensor,69,941,87,Customer_404,Automotive,South Korea,North America,11,64929,64170
6787,2023-03-03,1342,Product_1421,Microchip,6,801,352,Customer_426,Consumer Electronics,USA,Europe,425,4806,2256
7756,2023-03-03,1324,Product_1293,Sensor,18,275,380,Customer_374,Consumer Electronics,USA,Europe,740,4950,-8370
6747,2023-03-03,1346,Product_1269,Microchip,20,601,10,Customer_75,Industrial,USA,Europe,758,12020,-3140
7611,2023-03-03,1166,Product_1457,Sensor,71,443,484,Customer_246,Industrial,China,North America,177,31453,18886
1632,2023-03-03,1397,Product_1198,Microchip,8,269,309,Customer_302,Automotive,China,Asia-Pacific,287,2152,-144
5679,2023-03-03,1111,Product_1383,Robotics,76,390,425,Customer_207,Industrial,South Korea,Asia-Pacific,295,29640,7220
4975,2023-03-04,1375,Product_1149,Sensor,7,439,457,Customer_486,Consumer Electronics,Japan,Asia-Pacific,49,3073,2730
5724,2023-03-04,1234,Product_1420,Sensor,65,676,6,Customer_163,Automotive,China,Asia-Pacific,466,43940,13650
360,2023-03-04,1311,Product_1395,Microchip,5,448,26,Customer_421,Automotive,USA,North America,465,2240,-85
4642,2023-03-04,1497,Product_1385,Sensor,39,775,268,Customer_241,Automotive,China,Europe,781,30225,-234
2247,2023-03-04,1241,Product_1291,Microchip,7,919,173,Customer_78,Automotive,USA,North America,101,6433,5726
1029,2023-03-04,1252,Product_1177,Robotics,8,827,390,Customer_101,Consumer Electronics,USA,Asia-Pacific,601,6616,1808
9701,2023-03-04,1185,Product_1100,Robotics,8,754,446,Customer_464,Industrial,China,Asia-Pacific,582,6032,1376
3680,2023-03-04,1382,Product_1359,Sensor,32,137,369,Customer_287,Consumer Electronics,South Korea,Asia-Pacific,575,4384,-14016
4880,2023-03-04,1207,Product_1005,Sensor,95,788,456,Customer_399,Consumer Electronics,South Korea,North America,248,74860,51300
3825,2023-03-04,1263,Product_1133,Robotics,28,447,367,Customer_364,Automotive,South Korea,Europe,669,12516,-6216
9832,2023-03-04,1466,Product_1472,Sensor,25,161,188,Customer_200,Automotive,Germany,Europe,420,4025,-6475
6420,2023-03-04,1491,Product_1269,Sensor,81,387,96,Customer_282,Automotive,Germany,Europe,309,31347,6318
3863,2023-03-04,1141,Product_1132,Robotics,94,377,392,Customer_176,Industrial,Germany,Europe,314,35438,5922
9197,2023-03-04,1061,Product_1358,Microchip,78,723,204,Customer_220,Consumer Electronics,USA,Asia-Pacific,182,56394,42198
4523,2023-03-04,1168,Product_1055,Microchip,31,68,289,Customer_444,Automotive,USA,North America,295,2108,-7037
2169,2023-03-04,1429,Product_1232,Sensor,73,435,440,Customer_278,Automotive,Japan,Europe,18,31755,30441
3994,2023-03-04,1477,Product_1235,Microchip,90,15,130,Customer_71,Automotive,South Korea,North America,678,1350,-59670
3132,2023-03-04,1208,Product_1485,Sensor,87,529,291,Customer_213,Automotive,South Korea,Asia-Pacific,499,46023,2610
1373,2023-03-04,1239,Product_1434,Microchip,75,167,198,Customer_475,Consumer Electronics,China,Asia-Pacific,237,12525,-5250
4852,2023-03-04,1243,Product_1020,Microchip,13,35,212,Customer_39,Automotive,South Korea,Asia-Pacific,624,455,-7657
6976,2023-03-04,1174,Product_1036,Microchip,6,254,168,Customer_42,Industrial,USA,Europe,666,1524,-2472
1400,2023-03-04,1113,Product_1273,Sensor,22,183,76,Customer_408,Industrial,Japan,Europe,690,4026,-11154
9964,2023-03-04,1241,Product_1014,Sensor,39,911,298,Customer_487,Industrial,Germany,Asia-Pacific,246,35529,25935
7660,2023-03-04,1358,Product_1493,Robotics,98,736,118,Customer_428,Industrial,Japan,North America,71,72128,65170
2,2023-03-04,1396,Product_1236,Sensor,91,281,460,Customer_476,Industrial,USA,Asia-Pacific,92,25571,17199
9793,2023-03-04,1133,Product_1124,Robotics,57,411,75,Customer_450,Automotive,China,Asia-Pacific,65,23427,19722
7251,2023-03-04,1068,Product_1108,Robotics,41,65,418,Customer_432,Industrial,Japan,North America,425,2665,-14760
6528,2023-03-04,1151,Product_1161,Microchip,61,615,343,Customer_238,Automotive,USA,Europe,522,37515,5673
7370,2023-03-04,1341,Product_1269,Robotics,40,549,320,Customer_133,Industrial,USA,North America,97,21960,18080
3634,2023-03-04,1440,Product_1140,Microchip,2,907,34,Customer_74,Consumer Electronics,USA,North America,120,1814,1574
653,2023-03-04,1052,Product_1478,Microchip,69,830,211,Customer_406,Automotive,Germany,Asia-Pacific,193,57270,43953
4328,2023-03-04,1061,Product_1131,Sensor,29,671,389,Customer_301,Automotive,USA,Europe,625,19459,1334
9512,2023-03-05,1168,Product_1147,Sensor,79,14,195,Customer_395,Consumer Electronics,Japan,Europe,399,1106,-30415
8603,2023-03-05,1441,Product_1220,Sensor,89,814,490,Customer_162,Industrial,South Korea,Asia-Pacific,157,72446,58473
8657,2023-03-05,1210,Product_1042,Robotics,33,487,449,Customer_22,Automotive,South Korea,Asia-Pacific,493,16071,-198
2887,2023-03-05,1210,Product_1399,Microchip,40,670,33,Customer_492,Consumer Electronics,South Korea,Asia-Pacific,410,26800,10400
4360,2023-03-05,1435,Product_1257,Sensor,26,427,30,Customer_66,Automotive,China,Europe,676,11102,-6474
3339,2023-03-05,1383,Product_1039,Microchip,33,595,322,Customer_94,Consumer Electronics,South Korea,North America,328,19635,8811
875,2023-03-05,1021,Product_1317,Sensor,99,276,104,Customer_215,Consumer Electronics,Germany,North America,681,27324,-40095
8355,2023-03-05,1371,Product_1242,Sensor,86,735,197,Customer_396,Automotive,Japan,Asia-Pacific,226,63210,43774
7156,2023-03-05,1061,Product_1353,Robotics,1,823,459,Customer_141,Consumer Electronics,China,Asia-Pacific,62,823,761
4461,2023-03-05,1217,Product_1193,Robotics,76,409,280,Customer_310,Automotive,South Korea,Europe,503,31084,-7144
3827,2023-03-05,1370,Product_1021,Robotics,81,779,12,Customer_243,Consumer Electronics,Japan,Europe,314,63099,37665
3250,2023-03-05,1101,Product_1418,Robotics,21,183,369,Customer_167,Automotive,Japan,North America,692,3843,-10689
1491,2023-03-05,1134,Product_1417,Sensor,24,651,154,Customer_133,Consumer Electronics,Germany,North America,405,15624,5904
3361,2023-03-05,1275,Product_1489,Microchip,16,999,352,Customer_230,Industrial,China,Europe,633,15984,5856
6187,2023-03-05,1491,Product_1395,Microchip,74,53,465,Customer_248,Consumer Electronics,China,Europe,250,3922,-14578
483,2023-03-05,1108,Product_1143,Robotics,81,379,442,Customer_36,Automotive,China,North America,511,30699,-10692
9640,2023-03-05,1214,Product_1444,Sensor,90,631,200,Customer_409,Industrial,China,North America,217,56790,37260
864,2023-03-05,1440,Product_1207,Sensor,69,345,154,Customer_12,Industrial,Germany,Europe,335,23805,690
5370,2023-03-05,1272,Product_1470,Sensor,6,294,159,Customer_282,Industrial,Japan,North America,680,1764,-2316
5712,2023-03-05,1430,Product_1096,Microchip,63,458,120,Customer_80,Automotive,USA,North America,78,28854,23940
4569,2023-03-05,1222,Product_1158,Microchip,54,777,381,Customer_14,Industrial,USA,North America,175,41958,32508
5345,2023-03-05,1169,Product_1022,Microchip,63,339,122,Customer_28,Automotive,Germany,Europe,550,21357,-13293
3697,2023-03-05,1281,Product_1282,Microchip,32,667,235,Customer_135,Consumer Electronics,China,North America,146,21344,16672
7584,2023-03-05,1416,Product_1027,Sensor,20,571,346,Customer_256,Consumer Electronics,Japan,Asia-Pacific,258,11420,6260
3597,2023-03-05,1004,Product_1093,Sensor,88,897,110,Customer_44,Industrial,China,Europe,116,78936,68728
8801,2023-03-05,1018,Product_1339,Microchip,30,730,345,Customer_197,Industrial,Japan,Asia-Pacific,699,21900,930
6896,2023-03-06,1137,Product_1122,Robotics,39,136,499,Customer_260,Automotive,Japan,North America,708,5304,-22308
2234,2023-03-06,1461,Product_1071,Sensor,5,493,339,Customer_100,Industrial,Japan,North America,706,2465,-1065
1309,2023-03-06,1317,Product_1233,Robotics,72,278,187,Customer_363,Industrial,Germany,Asia-Pacific,157,20016,8712
8065,2023-03-06,1166,Product_1380,Microchip,88,142,286,Customer_405,Automotive,USA,Europe,155,12496,-1144
2046,2023-03-06,1328,Product_1197,Microchip,33,358,368,Customer_388,Consumer Electronics,China,North America,60,11814,9834
851,2023-03-06,1211,Product_1075,Sensor,82,408,134,Customer_158,Industrial,USA,North America,314,33456,7708
6967,2023-03-06,1142,Product_1357,Robotics,8,673,489,Customer_210,Consumer Electronics,USA,Europe,592,5384,648
3823,2023-03-06,1173,Product_1070,Robotics,38,314,449,Customer_239,Automotive,Germany,Europe,449,11932,-5130
7376,2023-03-06,1434,Product_1101,Robotics,32,791,119,Customer_162,Consumer Electronics,South Korea,North America,263,25312,16896
2941,2023-03-06,1363,Product_1418,Microchip,51,571,25,Customer_382,Industrial,USA,North America,88,29121,24633
5731,2023-03-06,1201,Product_1318,Sensor,58,569,449,Customer_293,Industrial,Japan,Europe,168,33002,23258
590,2023-03-06,1272,Product_1317,Sensor,89,154,426,Customer_434,Consumer Electronics,Germany,North America,728,13706,-51086
2934,2023-03-06,1282,Product_1073,Microchip,57,650,197,Customer_433,Industrial,Germany,Europe,257,37050,22401
8688,2023-03-06,1295,Product_1460,Robotics,48,829,351,Customer_291,Automotive,Japan,Europe,767,39792,2976
5854,2023-03-06,1354,Product_1112,Robotics,47,639,113,Customer_453,Consumer Electronics,China,North America,63,30033,27072
708,2023-03-06,1024,Product_1186,Microchip,87,101,35,Customer_281,Automotive,Germany,Asia-Pacific,586,8787,-42195
6851,2023-03-06,1031,Product_1021,Sensor,24,517,451,Customer_281,Consumer Electronics,South Korea,North America,473,12408,1056
3595,2023-03-06,1378,Product_1165,Sensor,4,422,486,Customer_372,Consumer Electronics,Japan,North America,660,1688,-952
9980,2023-03-06,1305,Product_1298,Robotics,70,429,417,Customer_185,Automotive,China,Europe,727,30030,-20860
350,2023-03-06,1431,Product_1296,Microchip,68,934,172,Customer_214,Industrial,Germany,North America,460,63512,32232
6955,2023-03-06,1303,Product_1215,Robotics,11,215,447,Customer_492,Consumer Electronics,China,Asia-Pacific,95,2365,1320
5611,2023-03-06,1382,Product_1071,Robotics,85,521,347,Customer_170,Consumer Electronics,Japan,Asia-Pacific,257,44285,22440
5178,2023-03-07,1495,Product_1181,Microchip,98,216,344,Customer_481,Consumer Electronics,USA,Asia-Pacific,63,21168,14994
5462,2023-03-07,1167,Product_1225,Sensor,18,527,368,Customer_179,Consumer Electronics,South Korea,Europe,604,9486,-1386
6761,2023-03-07,1426,Product_1434,Microchip,32,459,158,Customer_123,Industrial,Germany,Asia-Pacific,553,14688,-3008
7041,2023-03-07,1047,Product_1127,Microchip,61,462,303,Customer_46,Industrial,Germany,North America,544,28182,-5002
6564,2023-03-07,1352,Product_1232,Robotics,59,668,108,Customer_183,Automotive,Japan,North America,775,39412,-6313
3000,2023-03-07,1440,Product_1428,Sensor,63,56,86,Customer_179,Consumer Electronics,South Korea,Asia-Pacific,247,3528,-12033
1714,2023-03-07,1200,Product_1100,Robotics,48,78,495,Customer_311,Automotive,USA,Europe,615,3744,-25776
2147,2023-03-07,1313,Product_1187,Robotics,66,392,126,Customer_124,Industrial,USA,Europe,330,25872,4092
1145,2023-03-07,1427,Product_1149,Robotics,60,212,327,Customer_41,Industrial,Germany,Europe,231,12720,-1140
8192,2023-03-07,1258,Product_1034,Microchip,55,458,19,Customer_429,Industrial,South Korea,Asia-Pacific,669,25190,-11605
3912,2023-03-07,1380,Product_1045,Robotics,28,135,445,Customer_342,Industrial,USA,North America,44,3780,2548
620,2023-03-07,1188,Product_1052,Sensor,70,127,417,Customer_81,Industrial,China,Asia-Pacific,382,8890,-17850
4893,2023-03-07,1068,Product_1339,Robotics,84,813,6,Customer_180,Industrial,USA,Europe,35,68292,65352
9835,2023-03-07,1434,Product_1497,Robotics,55,975,244,Customer_134,Automotive,South Korea,North America,656,53625,17545
1682,2023-03-07,1456,Product_1449,Robotics,65,387,366,Customer_361,Industrial,Japan,Europe,571,25155,-11960
6712,2023-03-07,1104,Product_1464,Sensor,98,600,112,Customer_377,Consumer Electronics,Japan,Asia-Pacific,786,58800,-18228
4119,2023-03-07,1005,Product_1204,Robotics,7,386,154,Customer_9,Consumer Electronics,USA,Asia-Pacific,253,2702,931
9129,2023-03-07,1443,Product_1482,Robotics,63,796,125,Customer_317,Consumer Electronics,China,Europe,640,50148,9828
39,2023-03-07,1128,Product_1018,Microchip,13,976,391,Customer_99,Automotive,Japan,Asia-Pacific,736,12688,3120
1951,2023-03-07,1160,Product_1077,Microchip,53,81,493,Customer_238,Consumer Electronics,USA,Asia-Pacific,5,4293,4028
3797,2023-03-07,1096,Product_1222,Robotics,46,119,304,Customer_204,Consumer Electronics,USA,Asia-Pacific,496,5474,-17342
4398,2023-03-07,1119,Product_1414,Robotics,24,77,428,Customer_493,Consumer Electronics,South Korea,North America,610,1848,-12792
576,2023-03-07,1107,Product_1272,Sensor,90,499,388,Customer_177,Automotive,South Korea,North America,146,44910,31770
1258,2023-03-07,1204,Product_1056,Sensor,41,57,75,Customer_459,Industrial,South Korea,Asia-Pacific,414,2337,-14637
8214,2023-03-07,1421,Product_1141,Robotics,2,794,160,Customer_355,Automotive,Germany,North America,42,1588,1504
8455,2023-03-07,1387,Product_1251,Robotics,68,179,391,Customer_500,Consumer Electronics,China,Asia-Pacific,715,12172,-36448
5143,2023-03-07,1358,Product_1415,Microchip,13,872,331,Customer_108,Automotive,Germany,Asia-Pacific,124,11336,9724
4857,2023-03-07,1340,Product_1441,Robotics,85,328,438,Customer_325,Industrial,USA,North America,743,27880,-35275
9018,2023-03-07,1059,Product_1214,Robotics,99,971,170,Customer_293,Industrial,USA,North America,89,96129,87318
5144,2023-03-07,1282,Product_1329,Microchip,80,530,283,Customer_162,Automotive,Japan,Europe,300,42400,18400
9355,2023-03-07,1006,Product_1251,Sensor,46,100,209,Customer_78,Automotive,Japan,North America,229,4600,-5934
6925,2023-03-08,1347,Product_1480,Sensor,25,16,32,Customer_173,Industrial,China,Asia-Pacific,388,400,-9300
417,2023-03-08,1241,Product_1176,Sensor,84,930,433,Customer_104,Industrial,Germany,Europe,590,78120,28560
8943,2023-03-08,1383,Product_1354,Microchip,14,196,87,Customer_247,Consumer Electronics,China,Asia-Pacific,444,2744,-3472
2430,2023-03-08,1218,Product_1418,Microchip,90,307,190,Customer_442,Automotive,Germany,Europe,133,27630,15660
7018,2023-03-08,1399,Product_1435,Sensor,91,143,278,Customer_487,Industrial,China,North America,404,13013,-23751
9191,2023-03-08,1087,Product_1038,Microchip,65,562,373,Customer_481,Automotive,China,North America,699,36530,-8905
6742,2023-03-08,1015,Product_1472,Robotics,35,611,453,Customer_298,Automotive,China,Europe,600,21385,385
3368,2023-03-08,1240,Product_1279,Microchip,78,657,54,Customer_314,Consumer Electronics,Japan,Asia-Pacific,675,51246,-1404
1746,2023-03-08,1289,Product_1067,Robotics,88,921,346,Customer_112,Industrial,Germany,Asia-Pacific,238,81048,60104
1350,2023-03-08,1095,Product_1231,Robotics,51,123,232,Customer_443,Consumer Electronics,USA,Asia-Pacific,381,6273,-13158
8849,2023-03-08,1005,Product_1041,Sensor,46,600,3,Customer_455,Automotive,Japan,Europe,209,27600,17986
5080,2023-03-08,1248,Product_1202,Microchip,44,609,323,Customer_205,Consumer Electronics,South Korea,Asia-Pacific,386,26796,9812
4456,2023-03-08,1156,Product_1278,Sensor,99,233,105,Customer_382,Automotive,Germany,North America,75,23067,15642
9045,2023-03-08,1257,Product_1208,Sensor,74,632,264,Customer_191,Automotive,Germany,Europe,209,46768,31302
912,2023-03-08,1121,Product_1231,Microchip,50,943,308,Customer_112,Consumer Electronics,Japan,Asia-Pacific,549,47150,19700
5806,2023-03-08,1330,Product_1124,Sensor,72,581,300,Customer_292,Industrial,South Korea,North America,794,41832,-15336
9024,2023-03-08,1066,Product_1176,Sensor,14,110,315,Customer_157,Consumer Electronics,Japan,Europe,55,1540,770
3003,2023-03-08,1455,Product_1343,Robotics,63,841,68,Customer_276,Consumer Electronics,Germany,Europe,430,52983,25893
4274,2023-03-08,1095,Product_1401,Microchip,55,273,122,Customer_309,Automotive,USA,North America,315,15015,-2310
7325,2023-03-08,1155,Product_1297,Microchip,37,154,127,Customer_316,Industrial,USA,North America,512,5698,-13246
17,2023-03-08,1281,Product_1108,Microchip,91,876,270,Customer_304,Consumer Electronics,USA,Europe,460,79716,37856
9384,2023-03-08,1179,Product_1116,Sensor,14,242,408,Customer_389,Automotive,South Korea,Europe,510,3388,-3752
2971,2023-03-08,1268,Product_1171,Sensor,7,222,194,Customer_14,Consumer Electronics,Japan,Asia-Pacific,669,1554,-3129
3883,2023-03-08,1288,Product_1394,Robotics,85,762,213,Customer_491,Automotive,Japan,Asia-Pacific,633,64770,10965
4568,2023-03-08,1174,Product_1376,Sensor,91,795,415,Customer_131,Consumer Electronics,USA,Europe,463,72345,30212
8630,2023-03-08,1221,Product_1269,Microchip,65,815,75,Customer_68,Automotive,USA,Europe,253,52975,36530
3237,2023-03-08,1285,Product_1069,Sensor,51,48,361,Customer_325,Automotive,USA,Europe,538,2448,-24990
8591,2023-03-08,1031,Product_1157,Sensor,76,679,422,Customer_288,Consumer Electronics,Germany,Europe,529,51604,11400
4997,2023-03-08,1180,Product_1140,Microchip,11,53,135,Customer_319,Automotive,Germany,Europe,344,583,-3201
2563,2023-03-08,1367,Product_1475,Microchip,8,106,253,Customer_21,Consumer Electronics,China,North America,544,848,-3504
3898,2023-03-08,1297,Product_1011,Robotics,5,693,88,Customer_54,Consumer Electronics,China,Asia-Pacific,429,3465,1320
2265,2023-03-09,1293,Product_1266,Sensor,59,235,373,Customer_16,Industrial,South Korea,Asia-Pacific,169,13865,3894
8249,2023-03-09,1464,Product_1271,Microchip,70,422,71,Customer_16,Automotive,USA,Asia-Pacific,98,29540,22680
2377,2023-03-09,1422,Product_1213,Sensor,26,182,230,Customer_472,Automotive,USA,North America,681,4732,-12974
5378,2023-03-09,1342,Product_1482,Microchip,10,913,385,Customer_273,Industrial,China,North America,512,9130,4010
4047,2023-03-09,1160,Product_1393,Microchip,40,510,455,Customer_301,Industrial,China,Asia-Pacific,763,20400,-10120
7671,2023-03-09,1430,Product_1339,Sensor,87,847,492,Customer_100,Industrial,Germany,Asia-Pacific,108,73689,64293
6054,2023-03-09,1414,Product_1330,Microchip,15,799,152,Customer_83,Industrial,Germany,Europe,233,11985,8490
3704,2023-03-09,1284,Product_1312,Robotics,84,623,329,Customer_253,Industrial,Germany,Asia-Pacific,783,52332,-13440
8448,2023-03-09,1424,Product_1057,Robotics,42,740,396,Customer_38,Industrial,Germany,Europe,405,31080,14070
5238,2023-03-09,1231,Product_1277,Robotics,79,70,381,Customer_263,Consumer Electronics,China,Asia-Pacific,338,5530,-21172
5107,2023-03-09,1198,Product_1013,Robotics,51,371,468,Customer_380,Automotive,China,Asia-Pacific,764,18921,-20043
6579,2023-03-09,1303,Product_1309,Microchip,93,258,364,Customer_276,Industrial,South Korea,Europe,515,23994,-23901
5175,2023-03-09,1067,Product_1381,Microchip,54,485,341,Customer_159,Automotive,Germany,Europe,638,26190,-8262
3753,2023-03-09,1068,Product_1044,Microchip,47,558,405,Customer_411,Consumer Electronics,South Korea,Asia-Pacific,301,26226,12079
6176,2023-03-09,1360,Product_1431,Sensor,81,934,433,Customer_107,Consumer Electronics,Japan,North America,689,75654,19845
3353,2023-03-09,1426,Product_1297,Robotics,48,883,58,Customer_78,Industrial,Germany,North America,381,42384,24096
8493,2023-03-09,1405,Product_1083,Sensor,40,476,188,Customer_296,Industrial,South Korea,North America,134,19040,13680
2581,2023-03-09,1425,Product_1040,Sensor,44,962,176,Customer_93,Industrial,USA,Europe,624,42328,14872
3872,2023-03-09,1226,Product_1232,Microchip,80,181,119,Customer_273,Industrial,South Korea,North America,562,14480,-30480
5316,2023-03-09,1449,Product_1318,Microchip,7,861,495,Customer_453,Industrial,South Korea,Asia-Pacific,342,6027,3633
4551,2023-03-09,1232,Product_1074,Microchip,14,321,371,Customer_462,Industrial,China,North America,225,4494,1344
7991,2023-03-09,1445,Product_1218,Robotics,40,577,186,Customer_151,Consumer Electronics,USA,Europe,305,23080,10880
8196,2023-03-09,1251,Product_1222,Robotics,34,247,107,Customer_256,Automotive,Germany,North America,574,8398,-11118
2519,2023-03-09,1143,Product_1016,Robotics,59,794,432,Customer_436,Consumer Electronics,South Korea,North America,152,46846,37878
9856,2023-03-09,1253,Product_1114,Sensor,3,624,274,Customer_232,Automotive,China,North America,298,1872,978
4742,2023-03-09,1250,Product_1082,Microchip,31,675,144,Customer_24,Industrial,Germany,North America,17,20925,20398
8680,2023-03-09,1071,Product_1200,Sensor,15,758,140,Customer_461,Consumer Electronics,Japan,Europe,194,11370,8460
4877,2023-03-09,1402,Product_1278,Sensor,39,939,356,Customer_197,Industrial,Japan,Asia-Pacific,562,36621,14703
6530,2023-03-09,1218,Product_1352,Sensor,35,425,102,Customer_184,Automotive,USA,Asia-Pacific,111,14875,10990
6419,2023-03-09,1338,Product_1395,Sensor,9,947,270,Customer_378,Consumer Electronics,Germany,Europe,240,8523,6363
9173,2023-03-09,1063,Product_1150,Sensor,49,342,36,Customer_465,Industrial,USA,Europe,293,16758,2401
8655,2023-03-09,1336,Product_1212,Microchip,88,178,245,Customer_345,Automotive,South Korea,Europe,337,15664,-13992
910,2023-03-10,1086,Product_1104,Robotics,68,690,249,Customer_192,Automotive,Germany,North America,169,46920,35428
7119,2023-03-10,1137,Product_1189,Sensor,48,228,123,Customer_430,Automotive,USA,Asia-Pacific,106,10944,5856
2714,2023-03-10,1290,Product_1450,Robotics,5,12,93,Customer_359,Consumer Electronics,USA,North America,299,60,-1435
8119,2023-03-10,1152,Product_1479,Sensor,42,157,130,Customer_308,Industrial,China,North America,576,6594,-17598
6025,2023-03-10,1123,Product_1126,Microchip,60,656,64,Customer_151,Industrial,USA,North America,432,39360,13440
8096,2023-03-10,1431,Product_1371,Robotics,28,355,434,Customer_50,Automotive,China,Asia-Pacific,267,9940,2464
7398,2023-03-10,1416,Product_1084,Robotics,60,437,240,Customer_472,Industrial,China,Asia-Pacific,309,26220,7680
5604,2023-03-10,1292,Product_1317,Microchip,27,278,174,Customer_52,Automotive,China,Europe,736,7506,-12366
3633,2023-03-10,1094,Product_1234,Robotics,44,356,333,Customer_362,Automotive,Germany,Asia-Pacific,640,15664,-12496
7157,2023-03-10,1372,Product_1262,Sensor,70,346,16,Customer_174,Industrial,USA,Asia-Pacific,530,24220,-12880
4977,2023-03-10,1185,Product_1077,Sensor,59,281,380,Customer_331,Automotive,USA,North America,496,16579,-12685
6023,2023-03-10,1032,Product_1323,Microchip,43,53,46,Customer_191,Automotive,China,Europe,44,2279,387
3551,2023-03-10,1082,Product_1363,Robotics,42,141,365,Customer_124,Consumer Electronics,USA,North America,534,5922,-16506
3767,2023-03-10,1007,Product_1113,Sensor,7,620,194,Customer_467,Industrial,South Korea,Asia-Pacific,468,4340,1064
8788,2023-03-10,1329,Product_1244,Microchip,39,872,84,Customer_390,Industrial,Germany,Europe,483,34008,15171
8460,2023-03-10,1180,Product_1027,Sensor,86,459,371,Customer_404,Consumer Electronics,USA,Europe,688,39474,-19694
1570,2023-03-10,1386,Product_1101,Microchip,68,799,284,Customer_200,Consumer Electronics,Germany,Europe,40,54332,51612
8265,2023-03-10,1438,Product_1172,Sensor,63,560,205,Customer_440,Consumer Electronics,Germany,Europe,489,35280,4473
2029,2023-03-10,1389,Product_1294,Robotics,68,239,185,Customer_480,Automotive,Japan,Europe,785,16252,-37128
3380,2023-03-10,1034,Product_1312,Microchip,68,294,215,Customer_232,Automotive,Germany,Europe,220,19992,5032
3425,2023-03-10,1281,Product_1378,Microchip,18,769,202,Customer_283,Consumer Electronics,Japan,Asia-Pacific,481,13842,5184
1819,2023-03-10,1274,Product_1479,Microchip,99,931,426,Customer_156,Industrial,China,North America,676,92169,25245
2342,2023-03-10,1213,Product_1100,Sensor,54,561,341,Customer_169,Industrial,South Korea,Asia-Pacific,729,30294,-9072
5718,2023-03-10,1495,Product_1117,Robotics,92,609,31,Customer_451,Consumer Electronics,China,Asia-Pacific,705,56028,-8832
5513,2023-03-10,1406,Product_1089,Robotics,81,588,195,Customer_243,Consumer Electronics,China,Europe,192,47628,32076
8347,2023-03-10,1086,Product_1393,Sensor,94,378,150,Customer_276,Automotive,South Korea,Asia-Pacific,543,35532,-15510
7154,2023-03-11,1413,Product_1162,Sensor,89,851,168,Customer_118,Industrial,China,North America,468,75739,34087
462,2023-03-11,1153,Product_1070,Microchip,59,181,415,Customer_366,Industrial,Japan,Asia-Pacific,413,10679,-13688
3692,2023-03-11,1125,Product_1295,Microchip,33,36,434,Customer_271,Automotive,Japan,Asia-Pacific,438,1188,-13266
4678,2023-03-11,1153,Product_1031,Robotics,60,647,348,Customer_190,Automotive,Japan,Asia-Pacific,48,38820,35940
1683,2023-03-11,1381,Product_1048,Robotics,88,477,220,Customer_84,Industrial,South Korea,North America,485,41976,-704
9642,2023-03-11,1455,Product_1371,Microchip,58,700,176,Customer_488,Consumer Electronics,Germany,Europe,421,40600,16182
1208,2023-03-11,1008,Product_1027,Sensor,86,574,433,Customer_485,Automotive,China,North America,143,49364,37066
6184,2023-03-11,1231,Product_1216,Sensor,67,655,481,Customer_189,Consumer Electronics,China,Asia-Pacific,18,43885,42679
7360,2023-03-11,1370,Product_1482,Robotics,92,381,471,Customer_246,Industrial,Germany,Europe,647,35052,-24472
5699,2023-03-11,1449,Product_1302,Robotics,50,293,495,Customer_35,Consumer Electronics,Germany,Europe,144,14650,7450
1705,2023-03-11,1459,Product_1348,Microchip,80,474,277,Customer_131,Consumer Electronics,China,North America,444,37920,2400
3565,2023-03-11,1076,Product_1492,Robotics,86,521,424,Customer_42,Industrial,Japan,Europe,602,44806,-6966
9277,2023-03-11,1006,Product_1181,Sensor,30,945,436,Customer_139,Industrial,USA,Asia-Pacific,680,28350,7950
3548,2023-03-11,1226,Product_1021,Microchip,81,60,264,Customer_269,Industrial,USA,Europe,729,4860,-54189
7227,2023-03-11,1233,Product_1323,Microchip,84,96,208,Customer_335,Consumer Electronics,Japan,Europe,195,8064,-8316
1079,2023-03-11,1206,Product_1095,Microchip,47,145,355,Customer_138,Automotive,South Korea,Europe,379,6815,-10998
1439,2023-03-11,1365,Product_1080,Sensor,66,428,370,Customer_389,Automotive,Japan,North America,405,28248,1518
964,2023-03-11,1052,Product_1378,Robotics,56,534,42,Customer_162,Automotive,Germany,Europe,162,29904,20832
8911,2023-03-11,1354,Product_1112,Microchip,18,547,134,Customer_308,Industrial,South Korea,Europe,627,9846,-1440
4727,2023-03-11,1123,Product_1026,Sensor,51,247,283,Customer_79,Automotive,South Korea,North America,111,12597,6936
4467,2023-03-11,1009,Product_1402,Microchip,75,351,177,Customer_221,Industrial,USA,Europe,658,26325,-23025
5906,2023-03-11,1200,Product_1134,Robotics,73,309,485,Customer_160,Automotive,Japan,North America,755,22557,-32558
2679,2023-03-11,1011,Product_1494,Robotics,40,262,248,Customer_481,Industrial,Japan,Asia-Pacific,379,10480,-4680
9657,2023-03-11,1035,Product_1291,Robotics,3,382,270,Customer_374,Industrial,South Korea,Europe,688,1146,-918
5068,2023-03-11,1032,Product_1327,Sensor,68,570,216,Customer_209,Automotive,China,Asia-Pacific,588,38760,-1224
3859,2023-03-12,1155,Product_1252,Microchip,72,962,51,Customer_111,Automotive,USA,Europe,137,69264,59400
7909,2023-03-12,1086,Product_1332,Robotics,14,410,434,Customer_454,Industrial,South Korea,Asia-Pacific,747,5740,-4718
5391,2023-03-12,1051,Product_1017,Robotics,1,922,160,Customer_401,Automotive,Japan,North America,757,922,165
6002,2023-03-12,1102,Product_1462,Microchip,70,99,364,Customer_298,Industrial,Germany,Europe,340,6930,-16870
1780,2023-03-12,1242,Product_1453,Sensor,37,465,5,Customer_41,Consumer Electronics,Germany,Europe,757,17205,-10804
3464,2023-03-12,1258,Product_1230,Robotics,24,176,496,Customer_253,Automotive,USA,Asia-Pacific,391,4224,-5160
4137,2023-03-12,1261,Product_1260,Sensor,52,530,158,Customer_487,Consumer Electronics,Japan,North America,342,27560,9776
6496,2023-03-12,1202,Product_1271,Microchip,69,334,122,Customer_443,Industrial,Germany,Europe,600,23046,-18354
8159,2023-03-12,1181,Product_1116,Microchip,18,62,182,Customer_458,Consumer Electronics,South Korea,North America,78,1116,-288
7067,2023-03-12,1359,Product_1479,Microchip,64,863,10,Customer_342,Automotive,Germany,Europe,577,55232,18304
3691,2023-03-12,1327,Product_1039,Robotics,36,397,161,Customer_285,Automotive,Japan,Asia-Pacific,344,14292,1908
8543,2023-03-12,1109,Product_1184,Sensor,91,133,262,Customer_343,Automotive,Japan,Europe,565,12103,-39312
9268,2023-03-12,1009,Product_1246,Sensor,38,583,344,Customer_272,Industrial,USA,Europe,433,22154,5700
1314,2023-03-12,1286,Product_1222,Sensor,89,939,58,Customer_448,Automotive,China,Europe,24,83571,81435
3398,2023-03-12,1351,Product_1006,Robotics,42,492,129,Customer_53,Industrial,China,Asia-Pacific,135,20664,14994
6123,2023-03-12,1396,Product_1343,Microchip,71,205,365,Customer_1,Automotive,South Korea,Asia-Pacific,253,14555,-3408
7389,2023-03-12,1250,Product_1182,Sensor,95,961,286,Customer_96,Industrial,USA,Europe,397,91295,53580
7344,2023-03-12,1143,Product_1453,Robotics,82,159,154,Customer_9,Automotive,USA,Asia-Pacific,130,13038,2378
2792,2023-03-12,1446,Product_1047,Robotics,7,508,399,Customer_55,Automotive,Germany,Europe,469,3556,273
6479,2023-03-12,1325,Product_1193,Robotics,74,932,407,Customer_396,Consumer Electronics,South Korea,North America,670,68968,19388
3600,2023-03-12,1213,Product_1422,Microchip,37,298,409,Customer_325,Consumer Electronics,China,North America,441,11026,-5291
5116,2023-03-12,1128,Product_1006,Microchip,20,873,191,Customer_150,Industrial,South Korea,Asia-Pacific,579,17460,5880
7712,2023-03-12,1389,Product_1412,Robotics,22,370,274,Customer_87,Industrial,Japan,North America,242,8140,2816
5992,2023-03-12,1143,Product_1269,Robotics,82,801,372,Customer_429,Automotive,South Korea,Asia-Pacific,609,65682,15744
3344,2023-03-12,1426,Product_1385,Robotics,58,914,222,Customer_438,Industrial,South Korea,Asia-Pacific,374,53012,31320
1270,2023-03-12,1475,Product_1217,Robotics,79,507,366,Customer_124,Consumer Electronics,China,Europe,393,40053,9006
3029,2023-03-13,1258,Product_1007,Microchip,25,248,403,Customer_202,Consumer Electronics,China,North America,713,6200,-11625
2628,2023-03-13,1434,Product_1277,Sensor,52,355,242,Customer_258,Automotive,USA,North America,587,18460,-12064
2058,2023-03-13,1488,Product_1454,Microchip,50,86,193,Customer_361,Industrial,South Korea,Asia-Pacific,238,4300,-7600
4819,2023-03-13,1434,Product_1015,Microchip,69,889,316,Customer_222,Automotive,Germany,Asia-Pacific,687,61341,13938
5025,2023-03-13,1030,Product_1236,Robotics,41,240,399,Customer_163,Automotive,China,Asia-Pacific,108,9840,5412
1733,2023-03-13,1338,Product_1178,Sensor,50,472,242,Customer_444,Consumer Electronics,Japan,North America,73,23600,19950
8055,2023-03-13,1406,Product_1451,Robotics,53,291,136,Customer_38,Automotive,USA,Asia-Pacific,684,15423,-20829
5807,2023-03-13,1323,Product_1336,Microchip,74,243,480,Customer_421,Industrial,China,Asia-Pacific,10,17982,17242
1540,2023-03-13,1032,Product_1084,Microchip,68,158,94,Customer_70,Consumer Electronics,Germany,North America,248,10744,-6120
6592,2023-03-13,1066,Product_1122,Microchip,64,989,47,Customer_335,Automotive,Japan,Europe,391,63296,38272
4631,2023-03-13,1214,Product_1176,Robotics,77,153,85,Customer_212,Industrial,China,Europe,358,11781,-15785
6208,2023-03-13,1456,Product_1206,Sensor,77,381,394,Customer_104,Industrial,China,North America,49,29337,25564
3225,2023-03-13,1134,Product_1005,Sensor,6,551,25,Customer_56,Automotive,South Korea,North America,707,3306,-936
5665,2023-03-13,1453,Product_1349,Robotics,30,251,491,Customer_274,Automotive,USA,North America,534,7530,-8490
5802,2023-03-13,1164,Product_1181,Microchip,68,507,152,Customer_477,Industrial,Japan,North America,641,34476,-9112
1330,2023-03-13,1487,Product_1227,Microchip,1,148,90,Customer_104,Industrial,China,Asia-Pacific,709,148,-561
6999,2023-03-13,1259,Product_1478,Microchip,97,235,74,Customer_289,Automotive,Japan,North America,548,22795,-30361
499,2023-03-13,1381,Product_1466,Sensor,43,568,462,Customer_81,Consumer Electronics,South Korea,Europe,517,24424,2193
9533,2023-03-13,1423,Product_1231,Microchip,53,857,362,Customer_166,Automotive,Germany,North America,498,45421,19027
4621,2023-03-13,1415,Product_1254,Robotics,53,274,226,Customer_317,Industrial,South Korea,Asia-Pacific,593,14522,-16907
451,2023-03-13,1359,Product_1062,Sensor,83,737,377,Customer_413,Industrial,China,Asia-Pacific,506,61171,19173
2189,2023-03-13,1047,Product_1116,Sensor,65,883,6,Customer_249,Industrial,Germany,Europe,545,57395,21970
7690,2023-03-13,1257,Product_1079,Sensor,1,85,297,Customer_414,Consumer Electronics,Japan,Europe,374,85,-289
6146,2023-03-13,1209,Product_1200,Sensor,31,53,74,Customer_342,Industrial,Germany,Asia-Pacific,760,1643,-21917
9382,2023-03-13,1081,Product_1383,Sensor,44,202,383,Customer_108,Consumer Electronics,China,Asia-Pacific,763,8888,-24684
3327,2023-03-13,1302,Product_1290,Sensor,58,256,472,Customer_353,Automotive,Japan,Asia-Pacific,523,14848,-15486
2732,2023-03-13,1119,Product_1439,Sensor,95,795,328,Customer_437,Automotive,South Korea,North America,422,75525,35435
628,2023-03-13,1343,Product_1275,Sensor,29,383,87,Customer_400,Consumer Electronics,USA,North America,202,11107,5249
9033,2023-03-14,1170,Product_1384,Robotics,23,363,87,Customer_224,Industrial,USA,North America,255,8349,2484
1670,2023-03-14,1199,Product_1203,Sensor,85,580,371,Customer_322,Consumer Electronics,South Korea,North America,174,49300,34510
7760,2023-03-14,1379,Product_1114,Microchip,3,765,156,Customer_165,Industrial,South Korea,Europe,20,2295,2235
9084,2023-03-14,1329,Product_1095,Sensor,15,676,89,Customer_77,Consumer Electronics,USA,Europe,729,10140,-795
3945,2023-03-14,1004,Product_1054,Microchip,67,96,231,Customer_389,Automotive,South Korea,Asia-Pacific,704,6432,-40736
8325,2023-03-14,1320,Product_1217,Microchip,24,465,420,Customer_164,Industrial,China,Europe,323,11160,3408
6247,2023-03-14,1190,Product_1236,Robotics,46,254,56,Customer_373,Industrial,Germany,Europe,785,11684,-24426
333,2023-03-14,1497,Product_1465,Robotics,80,680,72,Customer_426,Consumer Electronics,South Korea,North America,472,54400,16640
3954,2023-03-14,1257,Product_1206,Robotics,81,533,321,Customer_165,Industrial,USA,Asia-Pacific,267,43173,21546
3672,2023-03-14,1218,Product_1145,Robotics,73,762,367,Customer_475,Automotive,Japan,Europe,434,55626,23944
1103,2023-03-14,1106,Product_1161,Robotics,41,941,29,Customer_493,Consumer Electronics,China,Europe,131,38581,33210
7395,2023-03-14,1055,Product_1129,Sensor,84,441,298,Customer_283,Automotive,China,Asia-Pacific,405,37044,3024
6544,2023-03-14,1128,Product_1320,Microchip,97,140,251,Customer_150,Consumer Electronics,USA,North America,618,13580,-46366
8967,2023-03-14,1370,Product_1120,Microchip,66,224,390,Customer_445,Automotive,Japan,Europe,442,14784,-14388
8618,2023-03-14,1223,Product_1384,Sensor,81,683,356,Customer_282,Consumer Electronics,USA,Asia-Pacific,64,55323,50139
5510,2023-03-14,1025,Product_1413,Microchip,6,917,34,Customer_395,Consumer Electronics,Germany,North America,567,5502,2100
2510,2023-03-14,1012,Product_1216,Robotics,62,146,316,Customer_479,Automotive,China,Europe,254,9052,-6696
3856,2023-03-14,1359,Product_1374,Robotics,18,290,114,Customer_293,Consumer Electronics,South Korea,Asia-Pacific,613,5220,-5814
3432,2023-03-14,1263,Product_1204,Sensor,86,983,17,Customer_172,Automotive,China,Asia-Pacific,491,84538,42312
6875,2023-03-14,1241,Product_1114,Robotics,51,569,404,Customer_409,Automotive,Germany,North America,595,29019,-1326
5305,2023-03-14,1224,Product_1066,Sensor,29,443,145,Customer_39,Consumer Electronics,China,Europe,75,12847,10672
845,2023-03-15,1323,Product_1485,Robotics,30,556,389,Customer_312,Consumer Electronics,South Korea,Asia-Pacific,168,16680,11640
4665,2023-03-15,1324,Product_1102,Microchip,8,221,343,Customer_160,Industrial,China,Europe,640,1768,-3352
5485,2023-03-15,1205,Product_1321,Sensor,79,35,142,Customer_21,Industrial,South Korea,Europe,645,2765,-48190
6939,2023-03-15,1164,Product_1032,Sensor,34,169,124,Customer_485,Industrial,USA,Asia-Pacific,351,5746,-6188
1991,2023-03-15,1314,Product_1432,Microchip,91,50,202,Customer_120,Industrial,South Korea,Asia-Pacific,98,4550,-4368
7910,2023-03-15,1343,Product_1072,Microchip,92,918,255,Customer_379,Industrial,China,Asia-Pacific,443,84456,43700
8123,2023-03-15,1434,Product_1454,Microchip,7,52,431,Customer_321,Consumer Electronics,China,Europe,346,364,-2058
7743,2023-03-15,1140,Product_1116,Sensor,93,712,105,Customer_318,Automotive,Japan,Europe,84,66216,58404
2900,2023-03-15,1437,Product_1374,Robotics,99,516,91,Customer_398,Industrial,Japan,Europe,112,51084,39996
8626,2023-03-15,1074,Product_1355,Sensor,65,297,182,Customer_417,Automotive,Japan,North America,345,19305,-3120
3058,2023-03-15,1100,Product_1332,Microchip,70,671,100,Customer_306,Industrial,South Korea,North America,334,46970,23590
4140,2023-03-15,1305,Product_1259,Microchip,87,316,234,Customer_441,Consumer Electronics,Japan,Asia-Pacific,692,27492,-32712
8379,2023-03-15,1291,Product_1292,Robotics,50,186,156,Customer_37,Industrial,Japan,North America,698,9300,-25600
4258,2023-03-15,1053,Product_1121,Microchip,94,62,230,Customer_126,Industrial,Germany,Asia-Pacific,547,5828,-45590
5968,2023-03-15,1112,Product_1161,Sensor,51,501,133,Customer_301,Industrial,South Korea,Asia-Pacific,401,25551,5100
9760,2023-03-15,1173,Product_1413,Robotics,95,991,367,Customer_421,Consumer Electronics,China,North America,350,94145,60895
6614,2023-03-15,1288,Product_1188,Sensor,10,122,114,Customer_333,Automotive,Germany,Asia-Pacific,47,1220,750
9899,2023-03-15,1136,Product_1156,Sensor,93,129,456,Customer_120,Automotive,South Korea,North America,314,11997,-17205
4572,2023-03-15,1083,Product_1455,Microchip,53,60,110,Customer_366,Automotive,South Korea,North America,364,3180,-16112
6941,2023-03-15,1479,Product_1208,Sensor,72,557,263,Customer_367,Consumer Electronics,Japan,North America,679,40104,-8784
7655,2023-03-15,1058,Product_1244,Robotics,15,732,177,Customer_481,Industrial,Japan,Europe,622,10980,1650
1820,2023-03-15,1011,Product_1345,Microchip,10,38,107,Customer_207,Industrial,China,Asia-Pacific,606,380,-5680
7866,2023-03-15,1230,Product_1077,Robotics,1,453,115,Customer_355,Industrial,South Korea,Europe,727,453,-274
4433,2023-03-15,1219,Product_1425,Microchip,27,206,334,Customer_51,Automotive,China,North America,690,5562,-13068
6696,2023-03-15,1397,Product_1089,Sensor,81,348,450,Customer_441,Industrial,USA,Europe,680,28188,-26892
1325,2023-03-16,1328,Product_1045,Robotics,5,840,199,Customer_353,Consumer Electronics,China,North America,492,4200,1740
3585,2023-03-16,1374,Product_1050,Robotics,55,626,19,Customer_35,Automotive,Japan,North America,65,34430,30855
2668,2023-03-16,1060,Product_1457,Robotics,20,510,245,Customer_175,Consumer Electronics,USA,Europe,372,10200,2760
4046,2023-03-16,1200,Product_1122,Robotics,82,423,215,Customer_41,Consumer Electronics,USA,Asia-Pacific,216,34686,16974
6244,2023-03-16,1053,Product_1033,Sensor,84,35,427,Customer_346,Consumer Electronics,Japan,North America,444,2940,-34356
9837,2023-03-16,1205,Product_1022,Robotics,83,815,372,Customer_232,Industrial,South Korea,Asia-Pacific,126,67645,57187
8336,2023-03-16,1069,Product_1119,Robotics,4,337,44,Customer_234,Consumer Electronics,Germany,Europe,645,1348,-1232
9103,2023-03-16,1169,Product_1091,Microchip,61,812,296,Customer_451,Consumer Electronics,South Korea,Asia-Pacific,312,49532,30500
7019,2023-03-16,1318,Product_1319,Microchip,22,384,206,Customer_102,Industrial,South Korea,North America,217,8448,3674
1411,2023-03-16,1396,Product_1460,Microchip,5,14,206,Customer_103,Automotive,South Korea,Europe,88,70,-370
6460,2023-03-16,1076,Product_1488,Robotics,67,363,395,Customer_176,Industrial,Germany,Europe,332,24321,2077
8707,2023-03-16,1382,Product_1098,Microchip,99,874,165,Customer_352,Industrial,South Korea,Europe,494,86526,37620
3881,2023-03-16,1108,Product_1403,Sensor,28,907,178,Customer_470,Consumer Electronics,Germany,Europe,241,25396,18648
4745,2023-03-16,1093,Product_1269,Sensor,40,269,139,Customer_346,Industrial,Germany,Europe,296,10760,-1080
2172,2023-03-16,1158,Product_1078,Sensor,56,580,252,Customer_257,Consumer Electronics,USA,Asia-Pacific,361,32480,12264
4870,2023-03-16,1189,Product_1496,Robotics,49,439,56,Customer_259,Industrial,USA,Asia-Pacific,126,21511,15337
8969,2023-03-16,1278,Product_1065,Microchip,23,781,164,Customer_354,Consumer Electronics,South Korea,North America,211,17963,13110
4068,2023-03-16,1050,Product_1358,Robotics,72,406,449,Customer_316,Consumer Electronics,South Korea,North America,197,29232,15048
5747,2023-03-16,1335,Product_1055,Microchip,77,503,429,Customer_96,Industrial,Japan,Europe,411,38731,7084
3817,2023-03-16,1046,Product_1131,Microchip,62,442,11,Customer_376,Consumer Electronics,Germany,Asia-Pacific,746,27404,-18848
3480,2023-03-16,1084,Product_1252,Robotics,29,335,21,Customer_193,Automotive,China,Europe,651,9715,-9164
8428,2023-03-16,1225,Product_1447,Sensor,50,911,102,Customer_137,Consumer Electronics,South Korea,Europe,128,45550,39150
8551,2023-03-17,1354,Product_1162,Sensor,94,239,435,Customer_81,Consumer Electronics,Japan,Asia-Pacific,134,22466,9870
2131,2023-03-17,1484,Product_1227,Sensor,21,730,58,Customer_423,Industrial,USA,North America,118,15330,12852
3723,2023-03-17,1093,Product_1290,Sensor,28,845,58,Customer_22,Consumer Electronics,China,Europe,314,23660,14868
6229,2023-03-17,1064,Product_1189,Sensor,93,653,275,Customer_145,Automotive,Japan,North America,84,60729,52917
6128,2023-03-17,1364,Product_1177,Robotics,51,150,437,Customer_10,Industrial,South Korea,Asia-Pacific,553,7650,-20553
6650,2023-03-17,1238,Product_1260,Sensor,56,175,259,Customer_70,Industrial,South Korea,Europe,15,9800,8960
6389,2023-03-17,1181,Product_1203,Microchip,54,992,314,Customer_213,Industrial,Germany,Asia-Pacific,120,53568,47088
4776,2023-03-17,1258,Product_1233,Robotics,89,113,215,Customer_91,Automotive,Japan,North America,717,10057,-53756
8975,2023-03-17,1384,Product_1030,Sensor,38,455,398,Customer_444,Consumer Electronics,China,Asia-Pacific,304,17290,5738
831,2023-03-17,1321,Product_1201,Robotics,53,894,290,Customer_117,Consumer Electronics,Germany,Asia-Pacific,755,47382,7367
4713,2023-03-17,1414,Product_1020,Microchip,66,447,29,Customer_232,Consumer Electronics,Germany,Europe,99,29502,22968
5714,2023-03-17,1374,Product_1037,Sensor,52,408,85,Customer_161,Consumer Electronics,China,Asia-Pacific,657,21216,-12948
9639,2023-03-17,1041,Product_1158,Sensor,95,331,381,Customer_39,Automotive,Germany,North America,166,31445,15675
8695,2023-03-17,1052,Product_1212,Robotics,48,370,123,Customer_217,Industrial,Germany,Asia-Pacific,80,17760,13920
9393,2023-03-17,1210,Product_1239,Microchip,58,895,202,Customer_246,Consumer Electronics,China,North America,593,51910,17516
5678,2023-03-17,1466,Product_1445,Microchip,94,195,386,Customer_71,Automotive,South Korea,North America,476,18330,-26414
3091,2023-03-17,1208,Product_1385,Microchip,65,110,88,Customer_36,Automotive,Japan,North America,283,7150,-11245
1506,2023-03-17,1184,Product_1100,Sensor,35,723,25,Customer_460,Automotive,USA,North America,230,25305,17255
2963,2023-03-17,1091,Product_1328,Sensor,9,440,214,Customer_373,Automotive,Japan,North America,135,3960,2745
2071,2023-03-17,1100,Product_1282,Microchip,21,862,279,Customer_6,Industrial,China,Asia-Pacific,416,18102,9366
4072,2023-03-17,1112,Product_1142,Sensor,37,782,70,Customer_152,Automotive,South Korea,Europe,162,28934,22940
5531,2023-03-17,1292,Product_1173,Microchip,13,688,493,Customer_385,Automotive,Japan,North America,59,8944,8177
1420,2023-03-18,1089,Product_1309,Sensor,55,942,196,Customer_498,Consumer Electronics,Japan,Europe,211,51810,40205
8762,2023-03-18,1221,Product_1122,Robotics,58,40,151,Customer_33,Automotive,USA,Asia-Pacific,295,2320,-14790
5508,2023-03-18,1312,Product_1054,Microchip,45,670,101,Customer_427,Industrial,China,Asia-Pacific,90,30150,26100
6223,2023-03-18,1343,Product_1223,Robotics,51,245,61,Customer_370,Consumer Electronics,USA,Asia-Pacific,106,12495,7089
1043,2023-03-18,1434,Product_1489,Microchip,48,742,454,Customer_72,Consumer Electronics,Germany,Europe,402,35616,16320
9427,2023-03-18,1025,Product_1494,Sensor,71,154,373,Customer_477,Automotive,Japan,Europe,495,10934,-24211
3853,2023-03-18,1311,Product_1032,Microchip,70,656,280,Customer_116,Automotive,China,Europe,723,45920,-4690
4773,2023-03-18,1177,Product_1246,Sensor,71,725,377,Customer_414,Automotive,USA,Europe,287,51475,31098
7578,2023-03-18,1230,Product_1243,Microchip,23,680,190,Customer_473,Industrial,Japan,Europe,535,15640,3335
6445,2023-03-18,1394,Product_1128,Microchip,95,25,391,Customer_57,Automotive,USA,Europe,21,2375,380
959,2023-03-18,1312,Product_1358,Microchip,23,928,315,Customer_492,Automotive,South Korea,Asia-Pacific,766,21344,3726
1554,2023-03-18,1419,Product_1301,Microchip,10,596,440,Customer_129,Consumer Electronics,China,North America,777,5960,-1810
4550,2023-03-18,1146,Product_1414,Sensor,4,72,469,Customer_366,Automotive,Japan,North America,78,288,-24
5852,2023-03-18,1199,Product_1064,Robotics,30,673,479,Customer_289,Industrial,USA,Europe,297,20190,11280
9149,2023-03-18,1480,Product_1470,Sensor,72,310,235,Customer_19,Industrial,Japan,Europe,165,22320,10440
2127,2023-03-18,1356,Product_1077,Microchip,40,396,479,Customer_95,Automotive,China,Europe,289,15840,4280
9988,2023-03-18,1424,Product_1256,Microchip,39,506,437,Customer_104,Consumer Electronics,USA,Asia-Pacific,296,19734,8190
1627,2023-03-18,1323,Product_1467,Sensor,43,393,175,Customer_231,Industrial,USA,Asia-Pacific,699,16899,-13158
9029,2023-03-18,1161,Product_1147,Robotics,96,567,458,Customer_306,Consumer Electronics,Japan,Asia-Pacific,304,54432,25248
5824,2023-03-18,1101,Product_1250,Microchip,42,665,317,Customer_202,Consumer Electronics,USA,North America,642,27930,966
6431,2023-03-18,1066,Product_1277,Robotics,23,487,117,Customer_419,Consumer Electronics,Japan,North America,725,11201,-5474
2095,2023-03-18,1016,Product_1500,Robotics,41,973,430,Customer_83,Automotive,USA,Europe,631,39893,14022
5394,2023-03-18,1109,Product_1425,Microchip,96,872,129,Customer_157,Automotive,Japan,North America,726,83712,14016
1417,2023-03-18,1251,Product_1486,Sensor,77,515,490,Customer_252,Automotive,Germany,Europe,222,39655,22561
4196,2023-03-18,1237,Product_1180,Microchip,70,400,179,Customer_371,Automotive,Germany,Asia-Pacific,124,28000,19320
1076,2023-03-19,1321,Product_1316,Robotics,84,41,157,Customer_243,Consumer Electronics,Germany,Europe,629,3444,-49392
5540,2023-03-19,1291,Product_1341,Sensor,87,464,170,Customer_205,Industrial,USA,Europe,447,40368,1479
6858,2023-03-19,1319,Product_1431,Robotics,22,242,143,Customer_153,Industrial,Germany,Asia-Pacific,115,5324,2794
6115,2023-03-19,1089,Product_1071,Robotics,17,303,464,Customer_152,Automotive,South Korea,Europe,764,5151,-7837
7565,2023-03-19,1089,Product_1106,Microchip,50,578,125,Customer_162,Consumer Electronics,Germany,North America,495,28900,4150
3864,2023-03-19,1260,Product_1074,Microchip,29,587,66,Customer_194,Consumer Electronics,South Korea,North America,750,17023,-4727
2493,2023-03-19,1432,Product_1449,Sensor,81,295,323,Customer_277,Automotive,Japan,Europe,43,23895,20412
2654,2023-03-19,1398,Product_1320,Robotics,1,441,160,Customer_315,Industrial,China,North America,117,441,324
2179,2023-03-19,1056,Product_1085,Microchip,25,535,433,Customer_53,Consumer Electronics,South Korea,North America,658,13375,-3075
8474,2023-03-19,1479,Product_1270,Microchip,86,859,457,Customer_239,Consumer Electronics,South Korea,Asia-Pacific,198,73874,56846
9862,2023-03-19,1034,Product_1217,Robotics,1,632,31,Customer_2,Consumer Electronics,China,Europe,553,632,79
4185,2023-03-19,1228,Product_1311,Sensor,19,587,321,Customer_214,Consumer Electronics,Japan,Asia-Pacific,716,11153,-2451
3750,2023-03-19,1155,Product_1180,Robotics,19,447,138,Customer_95,Consumer Electronics,Germany,Europe,526,8493,-1501
82,2023-03-19,1093,Product_1107,Sensor,31,870,215,Customer_325,Industrial,Germany,North America,339,26970,16461
5532,2023-03-19,1258,Product_1276,Sensor,4,746,475,Customer_185,Industrial,Japan,North America,595,2984,604
6686,2023-03-19,1205,Product_1434,Microchip,5,372,479,Customer_235,Automotive,Germany,Europe,64,1860,1540
7301,2023-03-19,1291,Product_1282,Microchip,91,14,147,Customer_84,Automotive,South Korea,Europe,427,1274,-37583
9053,2023-03-19,1275,Product_1407,Microchip,47,804,392,Customer_179,Consumer Electronics,USA,North America,636,37788,7896
193,2023-03-19,1128,Product_1402,Robotics,96,368,217,Customer_340,Automotive,South Korea,North America,294,35328,7104
1388,2023-03-19,1233,Product_1399,Microchip,67,558,220,Customer_155,Automotive,China,North America,368,37386,12730
5962,2023-03-19,1352,Product_1258,Sensor,43,610,458,Customer_98,Industrial,Japan,North America,756,26230,-6278
5087,2023-03-19,1209,Product_1029,Sensor,37,268,456,Customer_445,Automotive,Germany,North America,232,9916,1332
5216,2023-03-19,1214,Product_1358,Sensor,70,689,124,Customer_131,Automotive,South Korea,North America,347,48230,23940
1013,2023-03-19,1270,Product_1221,Robotics,9,601,443,Customer_320,Automotive,China,Asia-Pacific,789,5409,-1692
4998,2023-03-19,1470,Product_1491,Robotics,79,662,110,Customer_471,Consumer Electronics,Germany,Asia-Pacific,141,52298,41159
430,2023-03-19,1024,Product_1082,Microchip,33,352,448,Customer_295,Automotive,China,Europe,514,11616,-5346
7092,2023-03-20,1450,Product_1177,Robotics,76,983,88,Customer_207,Consumer Electronics,China,Asia-Pacific,372,74708,46436
9714,2023-03-20,1047,Product_1238,Robotics,20,870,235,Customer_348,Consumer Electronics,China,Asia-Pacific,420,17400,9000
8050,2023-03-20,1336,Product_1362,Sensor,85,531,169,Customer_120,Consumer Electronics,Japan,North America,395,45135,11560
2518,2023-03-20,1244,Product_1293,Robotics,11,841,169,Customer_486,Industrial,Germany,North America,706,9251,1485
9138,2023-03-20,1408,Product_1094,Robotics,38,50,122,Customer_272,Consumer Electronics,USA,Europe,614,1900,-21432
4973,2023-03-20,1007,Product_1286,Sensor,37,92,223,Customer_11,Industrial,USA,Asia-Pacific,241,3404,-5513
1525,2023-03-20,1437,Product_1198,Robotics,4,824,398,Customer_4,Consumer Electronics,USA,Asia-Pacific,237,3296,2348
8042,2023-03-20,1084,Product_1266,Robotics,6,571,321,Customer_219,Automotive,China,Europe,546,3426,150
8045,2023-03-20,1261,Product_1009,Sensor,86,814,259,Customer_68,Industrial,USA,Asia-Pacific,128,70004,58996
4463,2023-03-20,1335,Product_1122,Robotics,34,771,159,Customer_91,Automotive,Germany,Europe,732,26214,1326
9861,2023-03-20,1201,Product_1209,Robotics,1,799,59,Customer_55,Automotive,USA,North America,334,799,465
2344,2023-03-20,1262,Product_1178,Robotics,37,194,388,Customer_340,Industrial,Germany,Europe,670,7178,-17612
8010,2023-03-20,1181,Product_1407,Robotics,1,125,188,Customer_453,Consumer Electronics,China,Europe,47,125,78
1583,2023-03-20,1385,Product_1455,Sensor,13,614,175,Customer_83,Automotive,China,Europe,565,7982,637
8396,2023-03-20,1013,Product_1341,Sensor,46,215,231,Customer_49,Industrial,China,North America,333,9890,-5428
6732,2023-03-20,1430,Product_1260,Microchip,86,799,462,Customer_396,Industrial,South Korea,Europe,763,68714,3096
5494,2023-03-20,1312,Product_1153,Microchip,85,886,309,Customer_302,Automotive,Japan,Asia-Pacific,172,75310,60690
3341,2023-03-20,1229,Product_1309,Robotics,12,393,456,Customer_38,Consumer Electronics,China,Europe,323,4716,840
9584,2023-03-20,1013,Product_1378,Robotics,73,821,324,Customer_438,Consumer Electronics,Japan,Asia-Pacific,632,59933,13797
7595,2023-03-20,1022,Product_1170,Microchip,43,546,293,Customer_192,Automotive,Japan,North America,651,23478,-4515
4098,2023-03-20,1261,Product_1237,Microchip,46,735,265,Customer_217,Industrial,USA,Europe,313,33810,19412
2942,2023-03-20,1229,Product_1312,Microchip,22,159,222,Customer_417,Consumer Electronics,Germany,North America,698,3498,-11858
9361,2023-03-20,1417,Product_1111,Robotics,26,628,85,Customer_441,Automotive,China,Asia-Pacific,497,16328,3406
3578,2023-03-20,1469,Product_1309,Robotics,85,53,156,Customer_129,Automotive,USA,Europe,248,4505,-16575
9359,2023-03-20,1254,Product_1134,Robotics,36,95,221,Customer_349,Automotive,China,Asia-Pacific,114,3420,-684
3654,2023-03-20,1157,Product_1096,Robotics,88,948,122,Customer_326,Automotive,Germany,North America,580,83424,32384
8436,2023-03-20,1132,Product_1241,Sensor,18,835,396,Customer_395,Industrial,Japan,Asia-Pacific,415,15030,7560
9338,2023-03-20,1440,Product_1108,Sensor,60,314,216,Customer_490,Consumer Electronics,South Korea,Asia-Pacific,263,18840,3060
3,2023-03-20,1468,Product_1032,Microchip,4,364,78,Customer_316,Industrial,Japan,North America,218,1456,584
9379,2023-03-20,1447,Product_1361,Microchip,98,721,237,Customer_163,Consumer Electronics,Germany,North America,410,70658,30478
8659,2023-03-20,1305,Product_1386,Sensor,75,699,177,Customer_304,Industrial,Germany,North America,258,52425,33075
407,2023-03-21,1020,Product_1489,Microchip,80,363,478,Customer_248,Automotive,USA,North America,41,29040,25760
5744,2023-03-21,1421,Product_1268,Sensor,15,391,218,Customer_144,Consumer Electronics,USA,North America,63,5865,4920
9602,2023-03-21,1440,Product_1067,Microchip,79,449,40,Customer_494,Consumer Electronics,South Korea,North America,20,35471,33891
1660,2023-03-21,1397,Product_1062,Robotics,12,461,211,Customer_393,Consumer Electronics,Japan,North America,6,5532,5460
6438,2023-03-21,1404,Product_1224,Microchip,39,738,433,Customer_443,Industrial,USA,Asia-Pacific,145,28782,23127
2488,2023-03-21,1046,Product_1136,Sensor,78,591,246,Customer_415,Industrial,China,Europe,614,46098,-1794
1931,2023-03-21,1277,Product_1251,Robotics,63,924,202,Customer_135,Automotive,Germany,Asia-Pacific,189,58212,46305
3644,2023-03-21,1318,Product_1269,Microchip,86,997,313,Customer_378,Industrial,China,Europe,205,85742,68112
4566,2023-03-21,1329,Product_1474,Microchip,5,695,495,Customer_278,Consumer Electronics,China,Asia-Pacific,593,3475,510
9730,2023-03-21,1196,Product_1143,Sensor,99,759,111,Customer_411,Automotive,USA,Europe,377,75141,37818
3584,2023-03-21,1332,Product_1128,Microchip,79,562,296,Customer_304,Industrial,South Korea,Europe,560,44398,158
6376,2023-03-21,1314,Product_1347,Microchip,59,210,165,Customer_386,Automotive,Japan,Asia-Pacific,234,12390,-1416
5955,2023-03-21,1279,Product_1254,Sensor,34,962,248,Customer_470,Automotive,USA,Europe,741,32708,7514
1437,2023-03-21,1146,Product_1476,Microchip,44,139,7,Customer_486,Consumer Electronics,Germany,Europe,526,6116,-17028
6304,2023-03-21,1209,Product_1439,Robotics,68,320,51,Customer_281,Consumer Electronics,Japan,Europe,545,21760,-15300
7614,2023-03-21,1240,Product_1043,Microchip,91,116,340,Customer_368,Consumer Electronics,South Korea,North America,777,10556,-60151
2784,2023-03-21,1182,Product_1065,Robotics,14,832,461,Customer_183,Consumer Electronics,Japan,Europe,706,11648,1764
7353,2023-03-21,1459,Product_1294,Sensor,91,765,2,Customer_390,Consumer Electronics,USA,Asia-Pacific,763,69615,182
7347,2023-03-21,1446,Product_1014,Sensor,52,393,17,Customer_89,Consumer Electronics,Japan,North America,55,20436,17576
4250,2023-03-21,1042,Product_1307,Microchip,81,780,277,Customer_123,Automotive,South Korea,Europe,425,63180,28755
5667,2023-03-21,1063,Product_1215,Sensor,64,434,443,Customer_183,Consumer Electronics,China,North America,777,27776,-21952
4126,2023-03-21,1168,Product_1171,Sensor,64,939,278,Customer_179,Industrial,USA,Asia-Pacific,346,60096,37952
2119,2023-03-21,1057,Product_1315,Microchip,74,64,51,Customer_386,Industrial,Germany,Europe,113,4736,-3626
9087,2023-03-21,1451,Product_1110,Sensor,87,187,164,Customer_469,Industrial,Germany,Asia-Pacific,654,16269,-40629
6442,2023-03-22,1440,Product_1168,Robotics,96,442,150,Customer_423,Consumer Electronics,Germany,North America,337,42432,10080
9227,2023-03-22,1037,Product_1168,Robotics,35,146,389,Customer_334,Automotive,South Korea,Asia-Pacific,680,5110,-18690
5172,2023-03-22,1004,Product_1401,Sensor,86,928,240,Customer_422,Industrial,USA,Europe,223,79808,60630
7923,2023-03-22,1363,Product_1480,Sensor,42,349,134,Customer_393,Industrial,USA,Asia-Pacific,426,14658,-3234
909,2023-03-22,1225,Product_1122,Robotics,87,122,355,Customer_362,Industrial,China,Europe,23,10614,8613
4892,2023-03-22,1307,Product_1093,Sensor,31,523,190,Customer_86,Industrial,Japan,North America,681,16213,-4898
5468,2023-03-22,1267,Product_1328,Microchip,41,155,239,Customer_103,Automotive,USA,Europe,115,6355,1640
2813,2023-03-22,1084,Product_1374,Microchip,93,51,296,Customer_133,Automotive,South Korea,Asia-Pacific,193,4743,-13206
6529,2023-03-22,1005,Product_1355,Microchip,71,420,346,Customer_66,Automotive,China,North America,795,29820,-26625
6083,2023-03-22,1299,Product_1167,Robotics,48,10,489,Customer_250,Automotive,USA,North America,643,480,-30384
1490,2023-03-22,1180,Product_1416,Sensor,36,244,172,Customer_84,Consumer Electronics,Japan,Europe,392,8784,-5328
8607,2023-03-22,1443,Product_1316,Sensor,34,411,345,Customer_379,Industrial,Germany,Asia-Pacific,556,13974,-4930
7174,2023-03-22,1332,Product_1092,Sensor,52,782,92,Customer_378,Industrial,China,North America,170,40664,31824
2193,2023-03-22,1193,Product_1131,Sensor,43,40,491,Customer_91,Automotive,Japan,North America,230,1720,-8170
9312,2023-03-22,1193,Product_1168,Sensor,70,605,32,Customer_271,Industrial,Germany,North America,52,42350,38710
7259,2023-03-22,1335,Product_1469,Microchip,93,537,52,Customer_369,Industrial,Japan,Asia-Pacific,63,49941,44082
9960,2023-03-22,1100,Product_1229,Robotics,6,824,196,Customer_45,Industrial,Japan,Europe,340,4944,2904
2274,2023-03-22,1325,Product_1338,Microchip,17,779,311,Customer_144,Automotive,China,Europe,553,13243,3842
5309,2023-03-22,1305,Product_1082,Microchip,95,12,212,Customer_54,Industrial,USA,Europe,12,1140,0
1910,2023-03-22,1157,Product_1424,Microchip,22,365,194,Customer_265,Automotive,China,North America,714,8030,-7678
2216,2023-03-23,1139,Product_1026,Sensor,24,679,492,Customer_453,Consumer Electronics,USA,Asia-Pacific,378,16296,7224
1244,2023-03-23,1316,Product_1380,Sensor,9,798,133,Customer_228,Automotive,Germany,Asia-Pacific,143,7182,5895
2989,2023-03-23,1243,Product_1014,Microchip,52,709,6,Customer_267,Consumer Electronics,USA,Europe,412,36868,15444
88,2023-03-23,1347,Product_1209,Robotics,4,619,118,Customer_259,Industrial,Japan,Europe,228,2476,1564
5091,2023-03-23,1103,Product_1179,Robotics,37,943,387,Customer_452,Consumer Electronics,Germany,Europe,580,34891,13431
3266,2023-03-23,1191,Product_1003,Robotics,65,326,465,Customer_220,Consumer Electronics,USA,North America,467,21190,-9165
4612,2023-03-23,1344,Product_1288,Sensor,70,196,309,Customer_252,Industrial,South Korea,Europe,30,13720,11620
4395,2023-03-23,1099,Product_1230,Robotics,38,727,416,Customer_135,Consumer Electronics,Germany,North America,779,27626,-1976
405,2023-03-23,1235,Product_1270,Microchip,4,40,465,Customer_491,Consumer Electronics,Japan,Asia-Pacific,49,160,-36
6563,2023-03-23,1305,Product_1057,Sensor,98,743,444,Customer_209,Automotive,USA,Asia-Pacific,26,72814,70266
9979,2023-03-23,1311,Product_1401,Microchip,74,19,221,Customer_42,Consumer Electronics,Germany,North America,640,1406,-45954
1558,2023-03-23,1475,Product_1470,Microchip,65,510,347,Customer_90,Automotive,China,Asia-Pacific,291,33150,14235
1027,2023-03-23,1208,Product_1344,Sensor,49,48,119,Customer_236,Consumer Electronics,South Korea,Europe,538,2352,-24010
8201,2023-03-23,1254,Product_1465,Microchip,74,729,273,Customer_391,Industrial,China,Asia-Pacific,161,53946,42032
2511,2023-03-23,1256,Product_1312,Robotics,86,643,290,Customer_20,Industrial,Germany,Asia-Pacific,265,55298,32508
4113,2023-03-23,1368,Product_1300,Robotics,2,901,319,Customer_205,Consumer Electronics,South Korea,North America,629,1802,544
8373,2023-03-24,1072,Product_1141,Robotics,82,550,335,Customer_177,Automotive,China,Asia-Pacific,521,45100,2378
299,2023-03-24,1290,Product_1123,Robotics,94,750,251,Customer_98,Consumer Electronics,China,Europe,693,70500,5358
1548,2023-03-24,1459,Product_1223,Robotics,96,127,259,Customer_330,Consumer Electronics,Japan,Europe,165,12192,-3648
9966,2023-03-24,1493,Product_1471,Microchip,85,302,444,Customer_63,Consumer Electronics,USA,Europe,432,25670,-11050
2364,2023-03-24,1209,Product_1369,Robotics,62,479,53,Customer_38,Industrial,Japan,North America,544,29698,-4030
2306,2023-03-24,1151,Product_1042,Sensor,53,715,340,Customer_98,Industrial,China,Europe,350,37895,19345
2771,2023-03-24,1025,Product_1214,Robotics,84,219,151,Customer_134,Industrial,Germany,Asia-Pacific,657,18396,-36792
4564,2023-03-24,1278,Product_1236,Microchip,98,448,18,Customer_149,Industrial,China,North America,781,43904,-32634
4451,2023-03-24,1191,Product_1493,Microchip,42,789,335,Customer_224,Automotive,Germany,Asia-Pacific,192,33138,25074
7469,2023-03-24,1254,Product_1092,Sensor,51,631,442,Customer_258,Consumer Electronics,Japan,Asia-Pacific,473,32181,8058
244,2023-03-24,1352,Product_1450,Sensor,39,324,155,Customer_351,Automotive,South Korea,Asia-Pacific,104,12636,8580
7855,2023-03-24,1083,Product_1054,Robotics,7,969,210,Customer_483,Consumer Electronics,China,Asia-Pacific,270,6783,4893
19,2023-03-24,1019,Product_1120,Sensor,1,397,465,Customer_351,Consumer Electronics,South Korea,Europe,583,397,-186
2191,2023-03-24,1346,Product_1171,Sensor,99,240,179,Customer_212,Consumer Electronics,USA,North America,415,23760,-17325
6699,2023-03-24,1366,Product_1458,Robotics,37,330,250,Customer_144,Automotive,USA,Asia-Pacific,518,12210,-6956
6038,2023-03-24,1163,Product_1054,Robotics,67,190,156,Customer_33,Industrial,Japan,Europe,209,12730,-1273
6066,2023-03-24,1203,Product_1039,Robotics,37,736,283,Customer_490,Consumer Electronics,Japan,Europe,444,27232,10804
9637,2023-03-24,1449,Product_1326,Robotics,55,510,386,Customer_43,Automotive,South Korea,Asia-Pacific,233,28050,15235
5024,2023-03-24,1363,Product_1318,Robotics,94,96,71,Customer_115,Industrial,South Korea,North America,240,9024,-13536
982,2023-03-24,1249,Product_1011,Sensor,1,54,248,Customer_171,Consumer Electronics,South Korea,Europe,617,54,-563
8006,2023-03-24,1180,Product_1427,Robotics,32,899,330,Customer_149,Automotive,China,North America,413,28768,15552
176,2023-03-24,1038,Product_1299,Sensor,87,208,383,Customer_43,Industrial,South Korea,Asia-Pacific,736,18096,-45936
3572,2023-03-24,1490,Product_1411,Sensor,16,698,23,Customer_250,Automotive,South Korea,North America,559,11168,2224
3319,2023-03-24,1477,Product_1184,Robotics,36,747,144,Customer_233,Consumer Electronics,China,North America,30,26892,25812
5452,2023-03-25,1372,Product_1308,Microchip,13,14,152,Customer_66,Consumer Electronics,USA,Europe,440,182,-5538
5327,2023-03-25,1407,Product_1229,Sensor,51,441,250,Customer_437,Automotive,China,Europe,453,22491,-612
726,2023-03-25,1103,Product_1318,Sensor,10,417,150,Customer_494,Automotive,USA,Europe,8,4170,4090
8435,2023-03-25,1133,Product_1280,Microchip,18,570,406,Customer_413,Automotive,USA,North America,507,10260,1134
1280,2023-03-25,1461,Product_1287,Sensor,41,127,143,Customer_230,Automotive,Japan,Europe,553,5207,-17466
2183,2023-03-25,1351,Product_1147,Sensor,1,628,8,Customer_315,Industrial,China,North America,779,628,-151
995,2023-03-25,1091,Product_1430,Sensor,5,531,368,Customer_9,Automotive,Germany,Asia-Pacific,365,2655,830
803,2023-03-25,1065,Product_1288,Sensor,33,316,158,Customer_43,Industrial,USA,Europe,25,10428,9603
8822,2023-03-25,1076,Product_1013,Microchip,71,58,438,Customer_151,Industrial,South Korea,North America,144,4118,-6106
5687,2023-03-25,1262,Product_1197,Sensor,26,479,291,Customer_227,Automotive,USA,Asia-Pacific,329,12454,3900
6722,2023-03-25,1134,Product_1397,Sensor,12,576,11,Customer_93,Automotive,South Korea,Europe,461,6912,1380
9762,2023-03-25,1014,Product_1008,Robotics,96,449,132,Customer_463,Consumer Electronics,South Korea,Europe,91,43104,34368
4812,2023-03-25,1374,Product_1291,Robotics,44,292,483,Customer_30,Industrial,Japan,North America,489,12848,-8668
5053,2023-03-25,1299,Product_1314,Sensor,64,151,203,Customer_430,Consumer Electronics,Japan,Europe,495,9664,-22016
1889,2023-03-25,1390,Product_1454,Microchip,52,397,38,Customer_72,Industrial,China,Europe,620,20644,-11596
6045,2023-03-25,1274,Product_1473,Microchip,53,135,443,Customer_105,Consumer Electronics,Germany,Asia-Pacific,776,7155,-33973
9224,2023-03-25,1042,Product_1357,Microchip,28,973,406,Customer_424,Automotive,Germany,Asia-Pacific,423,27244,15400
396,2023-03-26,1332,Product_1374,Robotics,50,732,24,Customer_102,Automotive,South Korea,North America,697,36600,1750
5027,2023-03-26,1388,Product_1271,Robotics,49,566,289,Customer_114,Automotive,USA,Asia-Pacific,366,27734,9800
1770,2023-03-26,1319,Product_1219,Robotics,38,905,148,Customer_247,Consumer Electronics,South Korea,North America,764,34390,5358
6511,2023-03-26,1406,Product_1326,Microchip,16,965,375,Customer_402,Industrial,Germany,Asia-Pacific,771,15440,3104
6279,2023-03-26,1104,Product_1408,Microchip,29,466,144,Customer_121,Automotive,Germany,Asia-Pacific,640,13514,-5046
2492,2023-03-26,1148,Product_1029,Robotics,5,243,361,Customer_262,Industrial,Japan,Asia-Pacific,783,1215,-2700
6655,2023-03-26,1477,Product_1071,Microchip,10,736,111,Customer_462,Consumer Electronics,USA,Asia-Pacific,575,7360,1610
9412,2023-03-26,1262,Product_1375,Robotics,81,858,93,Customer_473,Industrial,China,Asia-Pacific,792,69498,5346
6945,2023-03-26,1006,Product_1143,Robotics,9,511,38,Customer_228,Consumer Electronics,USA,North America,580,4599,-621
9433,2023-03-26,1137,Product_1121,Robotics,61,707,311,Customer_473,Consumer Electronics,Germany,North America,540,43127,10187
8235,2023-03-26,1215,Product_1171,Microchip,74,415,74,Customer_18,Industrial,USA,North America,613,30710,-14652
5319,2023-03-26,1082,Product_1025,Robotics,45,519,105,Customer_442,Automotive,South Korea,Europe,123,23355,17820
6124,2023-03-26,1456,Product_1160,Robotics,7,798,27,Customer_451,Automotive,USA,Europe,433,5586,2555
1474,2023-03-26,1374,Product_1097,Sensor,88,432,91,Customer_111,Consumer Electronics,South Korea,Europe,714,38016,-24816
655,2023-03-26,1311,Product_1202,Robotics,98,74,301,Customer_472,Automotive,USA,Europe,135,7252,-5978
2970,2023-03-26,1403,Product_1220,Microchip,97,570,351,Customer_376,Consumer Electronics,China,Europe,494,55290,7372
6642,2023-03-26,1305,Product_1073,Microchip,73,520,30,Customer_229,Industrial,USA,Europe,779,37960,-18907
4146,2023-03-26,1321,Product_1192,Robotics,26,75,129,Customer_290,Industrial,Japan,Asia-Pacific,318,1950,-6318
1236,2023-03-26,1305,Product_1031,Robotics,41,209,67,Customer_2,Automotive,Germany,Europe,162,8569,1927
4486,2023-03-26,1367,Product_1421,Microchip,60,147,389,Customer_117,Industrial,South Korea,Europe,338,8820,-11460
4939,2023-03-26,1345,Product_1041,Robotics,4,886,208,Customer_250,Automotive,USA,North America,480,3544,1624
7027,2023-03-26,1031,Product_1311,Microchip,47,780,196,Customer_471,Industrial,Germany,Asia-Pacific,653,36660,5969
3989,2023-03-26,1205,Product_1045,Sensor,8,376,264,Customer_368,Industrial,Germany,North America,338,3008,304
8356,2023-03-26,1253,Product_1338,Sensor,9,304,320,Customer_144,Industrial,China,Asia-Pacific,535,2736,-2079
626,2023-03-26,1041,Product_1052,Microchip,92,204,131,Customer_144,Automotive,Germany,North America,604,18768,-36800
4948,2023-03-26,1428,Product_1231,Microchip,35,359,272,Customer_212,Automotive,Japan,Asia-Pacific,603,12565,-8540
2371,2023-03-26,1301,Product_1159,Microchip,89,93,494,Customer_301,Consumer Electronics,USA,Asia-Pacific,258,8277,-14685
9156,2023-03-26,1069,Product_1464,Sensor,20,813,390,Customer_461,Consumer Electronics,China,Europe,16,16260,15940
4799,2023-03-26,1488,Product_1426,Microchip,72,501,210,Customer_131,Industrial,Germany,Asia-Pacific,337,36072,11808
1736,2023-03-26,1152,Product_1337,Sensor,14,705,104,Customer_488,Automotive,Japan,Europe,360,9870,4830
3054,2023-03-26,1413,Product_1176,Microchip,8,940,282,Customer_458,Consumer Electronics,Germany,North America,517,7520,3384
6441,2023-03-26,1462,Product_1297,Microchip,54,451,486,Customer_465,Industrial,Japan,Asia-Pacific,608,24354,-8478
8451,2023-03-26,1221,Product_1044,Microchip,75,93,41,Customer_457,Automotive,USA,Europe,695,6975,-45150
2766,2023-03-27,1241,Product_1254,Microchip,36,683,96,Customer_29,Industrial,USA,North America,287,24588,14256
7240,2023-03-27,1272,Product_1019,Sensor,4,451,486,Customer_317,Consumer Electronics,Japan,Europe,232,1804,876
4336,2023-03-27,1396,Product_1263,Sensor,6,193,175,Customer_401,Consumer Electronics,USA,Europe,540,1158,-2082
4040,2023-03-27,1080,Product_1119,Microchip,62,329,364,Customer_227,Industrial,USA,Asia-Pacific,696,20398,-22754
1674,2023-03-27,1500,Product_1304,Microchip,35,309,286,Customer_363,Consumer Electronics,China,North America,222,10815,3045
4351,2023-03-27,1333,Product_1461,Sensor,35,649,453,Customer_321,Automotive,USA,Europe,603,22715,1610
6070,2023-03-27,1438,Product_1217,Microchip,88,10,63,Customer_275,Automotive,Japan,Asia-Pacific,291,880,-24728
1109,2023-03-27,1458,Product_1450,Robotics,52,618,298,Customer_175,Consumer Electronics,Japan,Europe,705,32136,-4524
7545,2023-03-27,1363,Product_1296,Robotics,33,814,56,Customer_22,Consumer Electronics,USA,Europe,660,26862,5082
5009,2023-03-27,1475,Product_1250,Robotics,62,287,337,Customer_374,Consumer Electronics,USA,Europe,665,17794,-23436
7024,2023-03-27,1057,Product_1172,Microchip,89,494,246,Customer_159,Automotive,Germany,Asia-Pacific,759,43966,-23585
9013,2023-03-27,1012,Product_1262,Sensor,12,70,114,Customer_409,Automotive,Japan,North America,776,840,-8472
5760,2023-03-27,1337,Product_1195,Robotics,98,537,348,Customer_63,Automotive,Japan,North America,675,52626,-13524
159,2023-03-27,1467,Product_1098,Sensor,95,803,460,Customer_206,Industrial,Japan,Asia-Pacific,215,76285,55860
2522,2023-03-27,1425,Product_1392,Sensor,69,575,95,Customer_105,Industrial,China,Europe,237,39675,23322
6310,2023-03-27,1363,Product_1297,Sensor,89,171,469,Customer_288,Automotive,China,Asia-Pacific,631,15219,-40940
6013,2023-03-27,1471,Product_1085,Robotics,74,438,86,Customer_456,Industrial,Germany,Asia-Pacific,236,32412,14948
3099,2023-03-27,1410,Product_1001,Microchip,93,219,192,Customer_487,Industrial,USA,Asia-Pacific,365,20367,-13578
3771,2023-03-27,1410,Product_1470,Sensor,85,501,94,Customer_361,Industrial,South Korea,Asia-Pacific,578,42585,-6545
3300,2023-03-27,1446,Product_1488,Microchip,31,391,389,Customer_422,Consumer Electronics,South Korea,Europe,743,12121,-10912
1288,2023-03-27,1234,Product_1289,Sensor,43,394,243,Customer_244,Industrial,Japan,North America,176,16942,9374
3777,2023-03-27,1128,Product_1028,Robotics,81,13,5,Customer_280,Industrial,USA,Europe,660,1053,-52407
8933,2023-03-27,1198,Product_1366,Microchip,43,785,178,Customer_278,Consumer Electronics,Japan,Asia-Pacific,134,33755,27993
1965,2023-03-27,1388,Product_1233,Microchip,86,55,53,Customer_51,Automotive,South Korea,North America,438,4730,-32938
9481,2023-03-27,1114,Product_1315,Microchip,54,719,249,Customer_230,Automotive,Germany,Asia-Pacific,181,38826,29052
8569,2023-03-27,1384,Product_1127,Microchip,32,485,177,Customer_64,Consumer Electronics,Germany,North America,720,15520,-7520
7414,2023-03-27,1372,Product_1373,Robotics,16,402,180,Customer_177,Automotive,South Korea,North America,749,6432,-5552
8851,2023-03-28,1428,Product_1220,Microchip,35,813,467,Customer_193,Industrial,South Korea,Europe,93,28455,25200
3238,2023-03-28,1386,Product_1057,Robotics,60,730,341,Customer_222,Consumer Electronics,USA,Europe,402,43800,19680
7229,2023-03-28,1357,Product_1306,Robotics,91,126,30,Customer_278,Industrial,Japan,Europe,572,11466,-40586
9525,2023-03-28,1241,Product_1085,Sensor,76,491,175,Customer_367,Industrial,Japan,Europe,204,37316,21812
1297,2023-03-28,1333,Product_1281,Sensor,8,246,184,Customer_307,Consumer Electronics,USA,Europe,671,1968,-3400
3908,2023-03-28,1025,Product_1368,Robotics,36,528,371,Customer_376,Automotive,Japan,Asia-Pacific,179,19008,12564
2255,2023-03-28,1021,Product_1050,Sensor,44,839,495,Customer_202,Consumer Electronics,South Korea,North America,185,36916,28776
131,2023-03-28,1094,Product_1230,Microchip,68,226,115,Customer_336,Industrial,Germany,Asia-Pacific,391,15368,-11220
8615,2023-03-28,1195,Product_1120,Sensor,87,385,153,Customer_343,Automotive,Germany,Asia-Pacific,670,33495,-24795
5289,2023-03-28,1385,Product_1467,Microchip,84,679,462,Customer_240,Industrial,Germany,Europe,638,57036,3444
342,2023-03-28,1199,Product_1124,Microchip,21,130,439,Customer_164,Automotive,USA,Asia-Pacific,85,2730,945
7453,2023-03-28,1408,Product_1401,Robotics,34,703,171,Customer_7,Consumer Electronics,China,Europe,445,23902,8772
7937,2023-03-28,1016,Product_1380,Robotics,52,291,264,Customer_479,Consumer Electronics,Japan,Asia-Pacific,574,15132,-14716
7962,2023-03-28,1303,Product_1194,Sensor,53,244,489,Customer_400,Industrial,USA,North America,477,12932,-12349
5610,2023-03-28,1183,Product_1237,Sensor,89,801,71,Customer_432,Industrial,Japan,Asia-Pacific,622,71289,15931
1675,2023-03-28,1166,Product_1239,Sensor,85,106,429,Customer_484,Consumer Electronics,Germany,Asia-Pacific,375,9010,-22865
9330,2023-03-28,1251,Product_1342,Microchip,43,775,103,Customer_74,Automotive,USA,Europe,667,33325,4644
215,2023-03-28,1467,Product_1039,Microchip,83,577,255,Customer_9,Consumer Electronics,Germany,Europe,487,47891,7470
7211,2023-03-28,1029,Product_1378,Microchip,3,792,283,Customer_92,Industrial,USA,Europe,31,2376,2283
8805,2023-03-28,1358,Product_1460,Microchip,49,131,261,Customer_78,Industrial,USA,Europe,187,6419,-2744
1042,2023-03-28,1142,Product_1043,Microchip,31,352,188,Customer_86,Industrial,South Korea,Europe,364,10912,-372
4567,2023-03-28,1380,Product_1189,Microchip,58,858,20,Customer_116,Automotive,South Korea,North America,664,49764,11252
318,2023-03-28,1219,Product_1465,Microchip,95,526,464,Customer_450,Automotive,China,North America,8,49970,49210
4753,2023-03-28,1110,Product_1038,Sensor,81,20,465,Customer_167,Industrial,Germany,Europe,388,1620,-29808
8712,2023-03-28,1028,Product_1468,Sensor,43,397,200,Customer_184,Automotive,South Korea,Asia-Pacific,473,17071,-3268
2443,2023-03-28,1208,Product_1084,Microchip,36,52,386,Customer_155,Automotive,USA,North America,234,1872,-6552
9448,2023-03-29,1189,Product_1314,Microchip,24,779,295,Customer_169,Automotive,USA,Asia-Pacific,298,18696,11544
1458,2023-03-29,1167,Product_1266,Microchip,54,276,480,Customer_258,Consumer Electronics,South Korea,North America,435,14904,-8586
4214,2023-03-29,1021,Product_1444,Microchip,53,457,127,Customer_497,Consumer Electronics,Japan,North America,669,24221,-11236
3583,2023-03-29,1011,Product_1499,Sensor,68,641,62,Customer_418,Consumer Electronics,USA,North America,93,43588,37264
7270,2023-03-29,1317,Product_1353,Robotics,75,867,484,Customer_411,Industrial,South Korea,Asia-Pacific,547,65025,24000
9742,2023-03-29,1468,Product_1138,Sensor,93,591,23,Customer_167,Consumer Electronics,USA,Europe,292,54963,27807
738,2023-03-29,1429,Product_1384,Robotics,45,826,238,Customer_348,Automotive,South Korea,North America,722,37170,4680
2204,2023-03-29,1077,Product_1359,Robotics,92,604,417,Customer_127,Automotive,USA,Asia-Pacific,112,55568,45264
1061,2023-03-29,1207,Product_1366,Robotics,93,83,47,Customer_220,Automotive,Japan,North America,234,7719,-14043
4719,2023-03-29,1302,Product_1110,Robotics,71,113,17,Customer_239,Consumer Electronics,USA,Europe,211,8023,-6958
4394,2023-03-29,1485,Product_1279,Microchip,31,63,457,Customer_49,Industrial,Japan,Asia-Pacific,288,1953,-6975
133,2023-03-29,1045,Product_1194,Sensor,70,342,181,Customer_349,Consumer Electronics,Japan,North America,208,23940,9380
6675,2023-03-29,1036,Product_1329,Robotics,4,731,56,Customer_199,Consumer Electronics,USA,North America,553,2924,712
5041,2023-03-29,1293,Product_1479,Robotics,14,90,430,Customer_311,Automotive,China,Asia-Pacific,172,1260,-1148
6168,2023-03-29,1339,Product_1038,Sensor,91,962,183,Customer_89,Consumer Electronics,USA,Asia-Pacific,540,87542,38402
5558,2023-03-29,1097,Product_1113,Microchip,9,215,414,Customer_416,Consumer Electronics,China,North America,490,1935,-2475
6889,2023-03-29,1098,Product_1440,Robotics,77,390,468,Customer_459,Automotive,China,North America,787,30030,-30569
8072,2023-03-29,1175,Product_1092,Microchip,15,898,17,Customer_470,Automotive,South Korea,North America,373,13470,7875
6810,2023-03-29,1434,Product_1026,Microchip,99,120,204,Customer_450,Industrial,Japan,Europe,390,11880,-26730
9416,2023-03-29,1238,Product_1145,Robotics,89,523,88,Customer_26,Automotive,Japan,Asia-Pacific,170,46547,31417
4082,2023-03-29,1488,Product_1272,Sensor,74,561,88,Customer_204,Automotive,China,Asia-Pacific,723,41514,-11988
6607,2023-03-29,1453,Product_1155,Sensor,24,965,268,Customer_10,Consumer Electronics,Germany,Asia-Pacific,325,23160,15360
1184,2023-03-30,1387,Product_1112,Sensor,23,722,12,Customer_430,Industrial,Japan,North America,533,16606,4347
1118,2023-03-30,1341,Product_1365,Microchip,10,306,450,Customer_93,Industrial,USA,Europe,572,3060,-2660
6140,2023-03-30,1339,Product_1125,Sensor,95,473,352,Customer_78,Consumer Electronics,Japan,Asia-Pacific,561,44935,-8360
9669,2023-03-30,1404,Product_1012,Sensor,73,82,105,Customer_280,Automotive,South Korea,North America,523,5986,-32193
6053,2023-03-30,1349,Product_1137,Robotics,25,199,390,Customer_430,Automotive,Japan,Asia-Pacific,704,4975,-12625
7981,2023-03-30,1227,Product_1345,Microchip,59,923,126,Customer_304,Automotive,Japan,North America,568,54457,20945
958,2023-03-30,1120,Product_1317,Microchip,24,28,257,Customer_313,Automotive,Germany,North America,413,672,-9240
2981,2023-03-30,1246,Product_1244,Robotics,34,500,117,Customer_439,Consumer Electronics,USA,North America,155,17000,11730
6158,2023-03-30,1117,Product_1386,Microchip,25,314,94,Customer_189,Industrial,Germany,North America,763,7850,-11225
6382,2023-03-30,1269,Product_1086,Robotics,35,909,386,Customer_11,Consumer Electronics,Japan,Europe,424,31815,16975
5225,2023-03-30,1157,Product_1232,Microchip,71,389,211,Customer_208,Industrial,USA,Europe,723,27619,-23714
9503,2023-03-30,1452,Product_1289,Microchip,64,105,398,Customer_289,Consumer Electronics,Germany,Asia-Pacific,565,6720,-29440
285,2023-03-30,1057,Product_1445,Microchip,2,292,274,Customer_473,Industrial,South Korea,Europe,557,584,-530
336,2023-03-30,1396,Product_1214,Microchip,3,561,476,Customer_406,Automotive,Germany,Asia-Pacific,568,1683,-21
7647,2023-03-30,1181,Product_1411,Microchip,13,603,16,Customer_118,Industrial,South Korea,North America,140,7839,6019
9031,2023-03-30,1175,Product_1263,Microchip,95,626,113,Customer_239,Consumer Electronics,Japan,Europe,94,59470,50540
1516,2023-03-30,1310,Product_1379,Microchip,54,188,423,Customer_38,Consumer Electronics,Germany,Asia-Pacific,317,10152,-6966
9843,2023-03-30,1117,Product_1088,Robotics,36,897,188,Customer_316,Consumer Electronics,South Korea,Europe,188,32292,25524
3896,2023-03-30,1325,Product_1441,Microchip,17,795,324,Customer_87,Industrial,China,Asia-Pacific,318,13515,8109
144,2023-03-30,1025,Product_1018,Sensor,95,191,391,Customer_203,Consumer Electronics,South Korea,Europe,574,18145,-36385
8509,2023-03-30,1485,Product_1408,Microchip,33,860,40,Customer_125,Industrial,Japan,North America,264,28380,19668
1646,2023-03-30,1020,Product_1171,Robotics,85,193,200,Customer_112,Consumer Electronics,South Korea,Asia-Pacific,132,16405,5185
1886,2023-03-30,1015,Product_1060,Sensor,23,912,301,Customer_361,Industrial,South Korea,Europe,66,20976,19458
9825,2023-03-30,1196,Product_1431,Robotics,14,401,96,Customer_217,Automotive,Japan,North America,664,5614,-3682
1464,2023-03-30,1346,Product_1021,Sensor,8,499,264,Customer_160,Automotive,USA,Asia-Pacific,551,3992,-416
1803,2023-03-30,1073,Product_1443,Sensor,43,869,352,Customer_101,Automotive,Germany,North America,759,37367,4730
5974,2023-03-30,1218,Product_1210,Microchip,51,933,245,Customer_221,Automotive,South Korea,Europe,567,47583,18666
6835,2023-03-31,1261,Product_1286,Robotics,44,603,199,Customer_202,Automotive,Japan,North America,426,26532,7788
3499,2023-03-31,1367,Product_1213,Microchip,91,664,365,Customer_147,Consumer Electronics,Japan,North America,501,60424,14833
1056,2023-03-31,1016,Product_1270,Microchip,98,708,166,Customer_86,Industrial,Japan,Asia-Pacific,407,69384,29498
8156,2023-03-31,1057,Product_1467,Microchip,79,50,128,Customer_457,Consumer Electronics,South Korea,Europe,510,3950,-36340
9893,2023-03-31,1496,Product_1100,Sensor,55,966,465,Customer_462,Industrial,China,North America,298,53130,36740
8790,2023-03-31,1020,Product_1337,Microchip,49,778,306,Customer_244,Automotive,China,Europe,293,38122,23765
3101,2023-03-31,1149,Product_1399,Robotics,67,357,218,Customer_167,Consumer Electronics,USA,Asia-Pacific,670,23919,-20971
5323,2023-03-31,1066,Product_1467,Microchip,77,283,432,Customer_105,Consumer Electronics,Japan,North America,291,21791,-616
2469,2023-03-31,1371,Product_1202,Robotics,13,536,80,Customer_208,Industrial,South Korea,Europe,182,6968,4602
8212,2023-03-31,1499,Product_1157,Microchip,94,229,373,Customer_139,Industrial,China,North America,470,21526,-22654
5719,2023-03-31,1404,Product_1465,Sensor,95,657,322,Customer_161,Consumer Electronics,South Korea,Europe,509,62415,14060
8284,2023-03-31,1146,Product_1495,Sensor,93,808,1,Customer_139,Industrial,China,North America,167,75144,59613
5314,2023-03-31,1313,Product_1102,Robotics,19,495,424,Customer_219,Automotive,Japan,Asia-Pacific,227,9405,5092
7873,2023-03-31,1320,Product_1321,Robotics,98,591,14,Customer_385,Automotive,China,Europe,582,57918,882
3310,2023-03-31,1232,Product_1232,Sensor,67,333,486,Customer_461,Industrial,USA,Asia-Pacific,564,22311,-15477
9418,2023-03-31,1159,Product_1485,Sensor,68,39,495,Customer_292,Industrial,Japan,Asia-Pacific,285,2652,-16728
2862,2023-03-31,1459,Product_1185,Microchip,82,173,117,Customer_229,Consumer Electronics,USA,Europe,53,14186,9840
7659,2023-03-31,1225,Product_1003,Microchip,75,881,205,Customer_354,Consumer Electronics,Japan,Europe,60,66075,61575
826,2023-03-31,1071,Product_1023,Sensor,78,367,349,Customer_371,Industrial,USA,Asia-Pacific,135,28626,18096
6449,2023-03-31,1046,Product_1437,Robotics,79,801,220,Customer_203,Industrial,Germany,Asia-Pacific,517,63279,22436
9794,2023-03-31,1443,Product_1206,Sensor,87,391,195,Customer_88,Consumer Electronics,USA,Asia-Pacific,53,34017,29406
226,2023-03-31,1429,Product_1162,Microchip,38,292,391,Customer_500,Automotive,China,Europe,774,11096,-18316
